Job,Operation,Arrival,Machine,Start,Processing Time,Flow time,End
Job_000,0,0.0,M0,0.0,29.0,29.0,29.0
Job_000,1,0.0,M1,29.0,78.0,107.0,107.0
Job_001,0,83.42,M0,83.42,43.0,43.0,126.42
Job_000,2,0.0,M2,107.0,9.0,116.0,116.0
Job_000,3,0.0,M3,116.0,36.0,152.0,152.0
Job_001,1,83.42,M2,126.42,90.0,133.0,216.42
Job_002,0,144.74,M1,144.74,91.0,91.0,235.74
Job_000,4,0.0,M4,152.0,49.0,201.0,201.0
Job_000,5,0.0,M5,201.0,11.0,212.0,212.0
Job_000,6,0.0,M6,212.0,62.0,274.0,274.0
Job_001,2,83.42,M4,216.42,75.0,208.0,291.42
Job_004,0,233.63,M2,233.63,14.0,14.0,247.63
Job_002,1,144.74,M0,235.74,85.0,176.0,320.74
Job_003,0,197.03,M1,235.74,81.0,119.71,316.74
Job_000,7,0.0,M7,274.0,56.0,330.0,330.0
Job_001,3,83.42,M9,291.42,11.0,219.0,302.42
Job_001,4,83.42,M3,302.42,69.0,288.0,371.42
Job_003,1,197.03,M2,316.74,95.0,214.71,411.74
Job_004,1,233.63,M0,320.74,6.0,93.11,326.74
Job_004,2,233.63,M1,326.74,22.0,115.11,348.74
Job_000,8,0.0,M8,330.0,44.0,374.0,374.0
Job_004,3,233.63,M5,348.74,61.0,176.11,409.74
Job_001,5,83.42,M1,371.42,28.0,316.0,399.42
Job_002,2,144.74,M3,371.42,39.0,265.68,410.42
Job_000,9,0.0,M9,374.0,21.0,395.0,395.0
Job_001,6,83.42,M6,399.42,46.0,362.0,445.42
Job_006,0,340.81,M1,399.42,46.0,104.61,445.42
Job_004,4,233.63,M3,410.42,26.0,202.79,436.42
Job_002,3,144.74,M2,411.74,74.0,341.0,485.74
Job_004,5,233.63,M4,436.42,69.0,271.79,505.42
Job_001,7,83.42,M5,445.42,46.0,408.0,491.42
Job_006,1,340.81,M0,445.42,37.0,141.61,482.42
Job_003,2,197.03,M0,482.42,71.0,356.39,553.42
Job_006,2,340.81,M3,482.42,61.0,202.61,543.42
Job_002,4,144.74,M8,485.74,90.0,431.0,575.74
Job_005,0,302.58,M2,485.74,84.0,267.16,569.74
Job_001,8,83.42,M7,491.42,72.0,480.0,563.42
Job_003,3,197.03,M4,553.42,99.0,455.39,652.42
Job_005,1,302.58,M1,569.74,2.0,269.16,571.74
Job_006,3,340.81,M2,569.74,13.0,241.93,582.74
Job_005,2,302.58,M5,571.74,52.0,321.16,623.74
Job_001,9,83.42,M8,575.74,30.0,522.32,605.74
Job_006,4,340.81,M6,582.74,32.0,273.93,614.74
Job_007,0,488.49,M2,582.74,31.0,125.25,613.74
Job_004,6,233.63,M8,605.74,21.0,393.11,626.74
Job_007,1,488.49,M0,613.74,86.0,211.25,699.74
Job_002,5,144.74,M5,623.74,10.0,489.0,633.74
Job_005,3,302.58,M3,623.74,95.0,416.16,718.74
Job_002,6,144.74,M7,633.74,12.0,501.0,645.74
Job_006,5,340.81,M5,633.74,21.0,313.93,654.74
Job_004,7,233.63,M7,645.74,49.0,461.11,694.74
Job_003,4,197.03,M6,652.42,9.0,464.39,661.42
Job_006,6,340.81,M9,654.74,32.0,345.93,686.74
Job_002,7,144.74,M6,661.42,89.0,605.68,750.42
Job_003,5,197.03,M8,661.42,52.0,516.39,713.42
Job_004,8,233.63,M9,694.74,72.0,533.11,766.74
Job_007,2,488.49,M1,699.74,46.0,257.25,745.74
Job_008,0,708.67,M0,708.67,76.0,76.0,784.67
Job_003,6,197.03,M7,713.42,85.0,601.39,798.42
Job_005,4,302.58,M8,718.74,48.0,464.16,766.74
Job_007,3,488.49,M5,745.74,74.0,331.25,819.74
Job_009,0,740.79,M1,745.74,85.0,89.95,830.74
Job_004,9,233.63,M6,766.74,53.0,586.11,819.74
Job_005,5,302.58,M9,766.74,72.0,536.16,838.74
Job_006,7,340.81,M8,766.74,89.0,514.93,855.74
Job_003,7,197.03,M3,798.42,98.0,699.39,896.42
Job_007,4,488.49,M4,819.74,32.0,363.25,851.74
Job_008,1,708.67,M1,830.74,69.0,191.07,899.74
Job_002,8,144.74,M9,838.74,45.0,739.0,883.74
Job_005,6,302.58,M0,838.74,47.0,583.16,885.74
Job_010,0,845.0,M2,845.0,31.0,31.0,876.0
Job_007,5,488.49,M6,851.74,88.0,451.25,939.74
Job_006,8,340.81,M7,855.74,30.0,544.93,885.74
Job_002,9,144.74,M4,883.74,33.0,772.0,916.74
Job_009,1,740.79,M0,885.74,13.0,157.95,898.74
Job_003,8,197.03,M9,896.42,22.0,721.39,918.42
Job_009,2,740.79,M2,898.74,61.0,218.95,959.74
Job_011,0,894.99,M0,898.74,76.0,79.75,974.74
Job_008,2,708.67,M3,899.74,76.0,267.07,975.74
Job_006,9,340.81,M4,916.74,55.0,630.93,971.74
Job_003,9,197.03,M5,918.42,43.0,764.39,961.42
Job_005,7,302.58,M6,939.74,65.0,702.16,1004.74
Job_007,6,488.49,M8,939.74,19.0,470.25,958.74
Job_007,7,488.49,M9,958.74,48.0,518.25,1006.74
Job_010,1,845.0,M0,974.74,86.0,215.74,1060.74
Job_011,1,894.99,M1,974.74,69.0,148.75,1043.74
Job_008,3,708.67,M5,975.74,51.0,318.07,1026.74
Job_005,8,302.58,M4,1004.74,6.0,708.16,1010.74
Job_009,3,740.79,M6,1004.74,7.0,270.95,1011.74
Job_005,9,302.58,M7,1010.74,25.0,733.16,1035.74
Job_009,4,740.79,M8,1011.74,64.0,334.95,1075.74
Job_008,4,708.67,M2,1026.74,85.0,403.07,1111.74
Job_007,8,488.49,M7,1035.74,36.0,583.25,1071.74
Job_010,2,845.0,M1,1060.74,46.0,261.74,1106.74
Job_012,0,950.74,M0,1060.74,43.0,153.0,1103.74
Job_007,9,488.49,M3,1071.74,79.0,662.25,1150.74
Job_009,5,740.79,M9,1075.74,76.0,410.95,1151.74
Job_010,3,845.0,M5,1106.74,74.0,335.74,1180.74
Job_012,1,950.74,M2,1111.74,90.0,251.0,1201.74
Job_014,0,1128.21,M1,1128.21,81.0,81.0,1209.21
Job_011,2,894.99,M3,1150.74,76.0,331.75,1226.74
Job_008,5,708.67,M9,1151.74,11.0,454.07,1162.74
Job_008,6,708.67,M6,1162.74,40.0,494.07,1202.74
Job_009,6,740.79,M5,1180.74,47.0,486.95,1227.74
Job_010,4,845.0,M4,1180.74,32.0,367.74,1212.74
Job_015,0,1134.27,M2,1201.74,14.0,81.47,1215.74
Job_008,7,708.67,M7,1202.74,89.0,583.07,1291.74
Job_016,0,1135.63,M1,1209.21,91.0,164.58,1300.21
Job_010,5,845.0,M6,1212.74,88.0,455.74,1300.74
Job_012,2,950.74,M4,1212.74,75.0,337.0,1287.74
Job_014,1,1128.21,M2,1215.74,95.0,182.53,1310.74
Job_015,1,1134.27,M0,1215.74,6.0,87.47,1221.74
Job_009,7,740.79,M3,1227.74,52.0,538.95,1279.74
Job_011,3,894.99,M5,1227.74,51.0,383.75,1278.74
Job_009,8,740.79,M4,1287.74,90.0,636.95,1377.74
Job_015,2,1134.27,M1,1300.21,22.0,187.94,1322.21
Job_016,1,1135.63,M0,1300.21,85.0,249.58,1385.21
Job_010,6,845.0,M8,1300.74,19.0,474.74,1319.74
Job_013,0,1123.32,M2,1310.74,84.0,271.42,1394.74
Job_010,7,845.0,M9,1319.74,48.0,522.74,1367.74
Job_015,3,1134.27,M5,1322.21,61.0,248.94,1383.21
Job_012,3,950.74,M9,1367.74,11.0,428.0,1378.74
Job_009,9,740.79,M7,1377.74,45.0,681.95,1422.74
Job_015,4,1134.27,M3,1383.21,26.0,274.94,1409.21
Job_017,0,1254.35,M0,1385.21,29.0,159.86,1414.21
Job_011,4,894.99,M2,1394.74,85.0,584.75,1479.74
Job_013,1,1123.32,M1,1394.74,2.0,273.42,1396.74
Job_013,2,1123.32,M5,1396.74,52.0,325.42,1448.74
Job_015,5,1134.27,M4,1409.21,69.0,343.94,1478.21
Job_016,2,1135.63,M3,1409.21,39.0,312.58,1448.21
Job_014,2,1128.21,M0,1414.21,71.0,357.0,1485.21
Job_017,1,1254.35,M1,1414.21,78.0,237.86,1492.21
Job_010,8,845.0,M7,1422.74,36.0,613.74,1458.74
Job_012,4,950.74,M3,1448.21,69.0,566.47,1517.21
Job_008,8,708.67,M4,1478.21,26.0,795.54,1504.21
Job_015,6,1134.27,M8,1478.21,21.0,364.94,1499.21
Job_011,5,894.99,M9,1479.74,11.0,595.75,1490.74
Job_016,3,1135.63,M2,1479.74,74.0,418.11,1553.74
Job_011,6,894.99,M6,1490.74,40.0,635.75,1530.74
Job_018,0,1354.37,M1,1492.21,85.0,222.84,1577.21
Job_015,7,1134.27,M7,1499.21,49.0,413.94,1548.21
Job_008,9,708.67,M8,1504.21,74.0,869.54,1578.21
Job_014,3,1128.21,M4,1504.21,99.0,475.0,1603.21
Job_013,3,1123.32,M3,1517.21,95.0,488.89,1612.21
Job_011,7,894.99,M7,1548.21,89.0,742.22,1637.21
Job_015,8,1134.27,M9,1548.21,72.0,485.94,1620.21
Job_017,2,1254.35,M2,1553.74,9.0,308.39,1562.74
Job_012,5,950.74,M1,1577.21,28.0,654.47,1605.21
Job_018,1,1354.37,M0,1577.21,13.0,235.84,1590.21
Job_016,4,1135.63,M8,1578.21,90.0,532.58,1668.21
Job_018,2,1354.37,M2,1590.21,61.0,296.84,1651.21
Job_019,0,1440.0,M0,1590.21,29.0,179.21,1619.21
Job_012,6,950.74,M6,1605.21,46.0,700.47,1651.21
Job_017,3,1254.35,M3,1612.21,36.0,393.86,1648.21
Job_019,1,1440.0,M1,1619.21,78.0,257.21,1697.21
Job_020,0,1523.42,M0,1619.21,43.0,138.79,1662.21
Job_011,8,894.99,M4,1637.21,26.0,768.22,1663.21
Job_010,9,845.0,M3,1648.21,79.0,882.21,1727.21
Job_012,7,950.74,M5,1651.21,46.0,746.47,1697.21
Job_014,4,1128.21,M6,1651.21,9.0,532.0,1660.21
Job_015,9,1134.27,M6,1660.21,53.0,578.94,1713.21
Job_017,4,1254.35,M4,1663.21,49.0,457.86,1712.21
Job_014,5,1128.21,M8,1668.21,52.0,592.0,1720.21
Job_016,5,1135.63,M5,1697.21,10.0,571.58,1707.21
Job_019,2,1440.0,M2,1697.21,9.0,266.21,1706.21
Job_021,0,1584.74,M1,1697.21,91.0,203.47,1788.21
Job_020,1,1523.42,M2,1706.21,90.0,272.79,1796.21
Job_016,6,1135.63,M7,1707.21,12.0,583.58,1719.21
Job_017,5,1254.35,M5,1712.21,11.0,468.86,1723.21
Job_018,3,1354.37,M6,1713.21,7.0,365.84,1720.21
Job_013,4,1123.32,M8,1720.21,48.0,644.89,1768.21
Job_014,6,1128.21,M7,1720.21,85.0,677.0,1805.21
Job_016,7,1135.63,M6,1720.21,89.0,673.58,1809.21
Job_019,3,1440.0,M3,1727.21,36.0,323.21,1763.21
Job_019,4,1440.0,M4,1763.21,49.0,372.21,1812.21
Job_011,9,894.99,M8,1768.21,74.0,947.22,1842.21
Job_013,5,1123.32,M9,1768.21,72.0,716.89,1840.21
Job_022,0,1637.03,M1,1788.21,81.0,232.18,1869.21
Job_023,0,1673.63,M2,1796.21,14.0,136.58,1810.21
Job_012,8,950.74,M7,1805.21,72.0,926.47,1877.21
Job_014,7,1128.21,M3,1805.21,98.0,775.0,1903.21
Job_017,6,1254.35,M6,1809.21,62.0,616.86,1871.21
Job_024,0,1742.58,M2,1810.21,84.0,151.63,1894.21
Job_019,5,1440.0,M5,1812.21,11.0,383.21,1823.21
Job_020,2,1523.42,M4,1812.21,75.0,363.79,1887.21
Job_013,6,1123.32,M0,1840.21,47.0,763.89,1887.21
Job_016,8,1135.63,M9,1840.21,45.0,749.58,1885.21
Job_012,9,950.74,M8,1877.21,30.0,956.47,1907.21
Job_017,7,1254.35,M7,1877.21,56.0,678.86,1933.21
Job_013,7,1123.32,M6,1887.21,65.0,828.89,1952.21
Job_020,3,1523.42,M9,1887.21,11.0,374.79,1898.21
Job_021,1,1584.74,M0,1887.21,85.0,387.47,1972.21
Job_020,4,1523.42,M3,1903.21,69.0,448.79,1972.21
Job_018,4,1354.37,M8,1907.21,64.0,616.84,1971.21
Job_013,8,1123.32,M4,1952.21,6.0,834.89,1958.21
Job_019,6,1440.0,M6,1952.21,62.0,574.21,2014.21
Job_013,9,1123.32,M7,1958.21,25.0,859.89,1983.21
Job_016,9,1135.63,M4,1958.21,33.0,855.58,1991.21
Job_017,8,1254.35,M8,1971.21,44.0,760.86,2015.21
Job_018,5,1354.37,M9,1971.21,76.0,692.84,2047.21
Job_020,5,1523.42,M1,1972.21,28.0,476.79,2000.21
Job_021,2,1584.74,M3,1972.21,39.0,426.47,2011.21
Job_023,1,1673.63,M0,1972.21,6.0,304.58,1978.21
Job_023,2,1673.63,M1,2000.21,22.0,348.58,2022.21
Job_021,3,1584.74,M2,2011.21,74.0,500.47,2085.21
Job_019,7,1440.0,M7,2014.21,56.0,630.21,2070.21
Job_020,6,1523.42,M6,2014.21,46.0,536.79,2060.21
Job_024,1,1742.58,M1,2022.21,2.0,281.63,2024.21
Job_025,0,1780.81,M1,2024.21,46.0,289.4,2070.21
Job_014,8,1128.21,M9,2047.21,22.0,941.0,2069.21
Job_018,6,1354.37,M5,2047.21,47.0,739.84,2094.21
Job_017,9,1254.35,M9,2069.21,21.0,835.86,2090.21
Job_019,8,1440.0,M8,2070.21,44.0,674.21,2114.21
Job_022,1,1637.03,M2,2085.21,95.0,543.18,2180.21
Job_014,9,1128.21,M5,2094.21,43.0,1009.0,2137.21
Job_018,7,1354.37,M3,2094.21,52.0,791.84,2146.21
Job_019,9,1440.0,M9,2114.21,21.0,695.21,2135.21
Job_021,4,1584.74,M8,2114.21,90.0,619.47,2204.21
Job_023,3,1673.63,M5,2137.21,61.0,524.58,2198.21
Job_018,8,1354.37,M4,2146.21,90.0,881.84,2236.21
Job_022,2,1637.03,M0,2180.21,71.0,614.18,2251.21
Job_026,0,1928.49,M2,2180.21,31.0,282.72,2211.21
Job_023,4,1673.63,M3,2198.21,26.0,550.58,2224.21
Job_024,2,1742.58,M5,2198.21,52.0,507.63,2250.21
Job_018,9,1354.37,M7,2236.21,45.0,926.84,2281.21
Job_020,7,1523.42,M5,2250.21,46.0,772.79,2296.21
Job_024,3,1742.58,M3,2250.21,95.0,602.63,2345.21
Job_022,3,1637.03,M4,2251.21,99.0,713.18,2350.21
Job_025,1,1780.81,M0,2251.21,37.0,507.4,2288.21
Job_026,1,1928.49,M0,2288.21,86.0,445.72,2374.21
Job_020,8,1523.42,M7,2296.21,72.0,844.79,2368.21
Job_021,5,1584.74,M5,2296.21,10.0,721.47,2306.21
Job_024,4,1742.58,M8,2345.21,48.0,650.63,2393.21
Job_025,2,1780.81,M3,2345.21,61.0,625.4,2406.21
Job_022,4,1637.03,M6,2350.21,9.0,722.18,2359.21
Job_021,6,1584.74,M7,2368.21,12.0,795.47,2380.21
Job_026,2,1928.49,M1,2374.21,46.0,491.72,2420.21
Job_021,7,1584.74,M6,2380.21,89.0,884.47,2469.21
Job_020,9,1523.42,M8,2393.21,30.0,899.79,2423.21
Job_024,5,1742.58,M9,2393.21,72.0,722.63,2465.21
Job_025,3,1780.81,M2,2406.21,13.0,638.4,2419.21
Job_029,0,2285.0,M2,2419.21,31.0,165.21,2450.21
Job_028,0,2180.79,M1,2420.21,85.0,324.42,2505.21
Job_022,5,1637.03,M8,2423.21,52.0,838.18,2475.21
Job_024,6,1742.58,M0,2465.21,47.0,769.63,2512.21
Job_021,8,1584.74,M9,2469.21,45.0,929.47,2514.21
Job_025,4,1780.81,M6,2469.21,32.0,720.4,2501.21
Job_022,6,1637.03,M7,2475.21,85.0,923.18,2560.21
Job_025,5,1780.81,M5,2501.21,21.0,741.4,2522.21
Job_024,7,1742.58,M6,2512.21,65.0,834.63,2577.21
Job_027,0,2148.67,M0,2512.21,76.0,439.54,2588.21
Job_021,9,1584.74,M4,2514.21,33.0,962.47,2547.21
Job_025,6,1780.81,M9,2522.21,32.0,773.4,2554.21
Job_026,3,1928.49,M5,2522.21,74.0,667.72,2596.21
Job_023,5,1673.63,M4,2547.21,69.0,942.58,2616.21
Job_022,7,1637.03,M3,2560.21,98.0,1021.18,2658.21
Job_027,1,2148.67,M1,2588.21,69.0,508.54,2657.21
Job_028,1,2180.79,M0,2588.21,13.0,420.42,2601.21
Job_028,2,2180.79,M2,2601.21,61.0,481.42,2662.21
Job_029,1,2285.0,M0,2601.21,86.0,402.21,2687.21
Job_023,6,1673.63,M8,2616.21,21.0,963.58,2637.21
Job_026,4,1928.49,M4,2616.21,32.0,719.72,2648.21
Job_023,7,1673.63,M7,2637.21,49.0,1012.58,2686.21
Job_025,7,1780.81,M8,2637.21,89.0,945.4,2726.21
Job_024,8,1742.58,M4,2648.21,6.0,911.63,2654.21
Job_026,5,1928.49,M6,2648.21,88.0,807.72,2736.21
Job_027,2,2148.67,M3,2658.21,76.0,585.54,2734.21
Job_023,8,1673.63,M9,2686.21,72.0,1084.58,2758.21
Job_024,9,1742.58,M7,2686.21,25.0,968.63,2711.21
Job_029,2,2285.0,M1,2687.21,46.0,448.21,2733.21
Job_031,0,2390.74,M0,2687.21,43.0,339.47,2730.21
Job_025,8,1780.81,M7,2726.21,30.0,975.4,2756.21
Job_030,0,2334.99,M0,2730.21,76.0,471.22,2806.21
Job_031,1,2390.74,M2,2730.21,90.0,429.47,2820.21
Job_027,3,2148.67,M5,2734.21,51.0,636.54,2785.21
Job_026,6,1928.49,M8,2736.21,19.0,826.72,2755.21
Job_025,9,1780.81,M4,2756.21,55.0,1030.4,2811.21
Job_023,9,1673.63,M6,2758.21,53.0,1137.58,2811.21
Job_026,7,1928.49,M9,2758.21,48.0,877.72,2806.21
Job_029,3,2285.0,M5,2785.21,74.0,574.21,2859.21
Job_022,8,1637.03,M9,2806.21,22.0,1191.18,2828.21
Job_026,8,1928.49,M7,2806.21,36.0,913.72,2842.21
Job_030,1,2334.99,M1,2806.21,69.0,540.22,2875.21
Job_028,3,2180.79,M6,2811.21,7.0,637.42,2818.21
Job_028,4,2180.79,M8,2818.21,64.0,701.42,2882.21
Job_027,4,2148.67,M2,2820.21,85.0,756.54,2905.21
Job_026,9,1928.49,M3,2842.21,79.0,992.72,2921.21
Job_022,9,1637.03,M5,2859.21,43.0,1265.18,2902.21
Job_029,4,2285.0,M4,2859.21,32.0,606.21,2891.21
Job_033,0,2568.21,M1,2875.21,81.0,388.0,2956.21
Job_031,2,2390.74,M4,2891.21,75.0,575.47,2966.21
Job_027,5,2148.67,M9,2905.21,11.0,767.54,2916.21
Job_032,0,2563.32,M2,2905.21,84.0,425.89,2989.21
Job_027,6,2148.67,M6,2916.21,40.0,807.54,2956.21
Job_028,5,2180.79,M9,2916.21,76.0,811.42,2992.21
Job_030,2,2334.99,M3,2921.21,76.0,662.22,2997.21
Job_027,7,2148.67,M7,2956.21,89.0,896.54,3045.21
Job_029,5,2285.0,M6,2956.21,88.0,759.21,3044.21
Job_035,0,2575.63,M1,2956.21,91.0,471.58,3047.21
Job_034,0,2574.27,M2,2989.21,14.0,428.94,3003.21
Job_028,6,2180.79,M5,2992.21,47.0,858.42,3039.21
Job_031,3,2390.74,M9,2992.21,11.0,612.47,3003.21
Job_031,4,2390.74,M3,3003.21,69.0,681.47,3072.21
Job_033,1,2568.21,M2,3003.21,95.0,530.0,3098.21
Job_030,3,2334.99,M5,3039.21,51.0,755.22,3090.21
Job_034,1,2574.27,M0,3041.21,6.0,472.94,3047.21
Job_029,6,2285.0,M8,3044.21,19.0,778.21,3063.21
Job_027,8,2148.67,M4,3045.21,26.0,922.54,3071.21
Job_035,1,2575.63,M0,3047.21,85.0,556.58,3132.21
Job_029,7,2285.0,M9,3063.21,48.0,826.21,3111.21
Job_027,9,2148.67,M8,3071.21,74.0,996.54,3145.21
Job_028,7,2180.79,M3,3072.21,52.0,943.42,3124.21
Job_031,5,2390.74,M1,3072.21,28.0,709.47,3100.21
Job_030,4,2334.99,M2,3098.21,85.0,848.22,3183.21
Job_031,6,2390.74,M6,3100.21,46.0,755.47,3146.21
Job_032,1,2563.32,M1,3100.21,2.0,538.89,3102.21
Job_032,2,2563.32,M5,3102.21,52.0,590.89,3154.21
Job_034,2,2574.27,M1,3102.21,22.0,549.94,3124.21
Job_028,8,2180.79,M4,3124.21,90.0,1033.42,3214.21
Job_035,2,2575.63,M3,3132.21,39.0,595.58,3171.21
Job_036,0,2694.35,M0,3132.21,29.0,466.86,3161.21
Job_031,7,2390.74,M5,3154.21,46.0,809.47,3200.21
Job_033,2,2568.21,M0,3161.21,71.0,664.0,3232.21
Job_036,1,2694.35,M1,3161.21,78.0,544.86,3239.21
Job_032,3,2563.32,M3,3171.21,95.0,702.89,3266.21
Job_030,5,2334.99,M9,3183.21,11.0,859.22,3194.21
Job_035,3,2575.63,M2,3183.21,74.0,681.58,3257.21
Job_030,6,2334.99,M6,3194.21,40.0,899.22,3234.21
Job_034,3,2574.27,M5,3200.21,61.0,686.94,3261.21
Job_028,9,2180.79,M7,3214.21,45.0,1078.42,3259.21
Job_033,3,2568.21,M4,3232.21,99.0,763.0,3331.21
Job_038,0,2880.0,M0,3232.21,29.0,381.21,3261.21
Job_037,0,2794.37,M1,3239.21,85.0,529.84,3324.21
Job_036,2,2694.35,M2,3257.21,9.0,571.86,3266.21
Job_029,8,2285.0,M7,3259.21,36.0,1010.21,3295.21
Job_032,4,2563.32,M8,3266.21,48.0,750.89,3314.21
Job_029,9,2285.0,M3,3295.21,79.0,1089.21,3374.21
Job_031,8,2390.74,M7,3295.21,72.0,976.47,3367.21
Job_032,5,2563.32,M9,3314.21,72.0,822.89,3386.21
Job_037,1,2794.37,M0,3324.21,13.0,542.84,3337.21
Job_038,1,2880.0,M1,3324.21,78.0,522.21,3402.21
Job_033,4,2568.21,M6,3331.21,9.0,772.0,3340.21
Job_037,2,2794.37,M2,3337.21,61.0,603.84,3398.21
Job_039,0,2963.42,M0,3337.21,43.0,416.79,3380.21
Job_030,7,2334.99,M7,3367.21,89.0,1121.22,3456.21
Job_031,9,2390.74,M8,3367.21,30.0,1006.47,3397.21
Job_034,4,2574.27,M3,3374.21,26.0,825.94,3400.21
Job_032,6,2563.32,M0,3386.21,47.0,869.89,3433.21
Job_035,4,2575.63,M8,3397.21,90.0,911.58,3487.21
Job_036,3,2694.35,M3,3400.21,36.0,741.86,3436.21
Job_038,2,2880.0,M2,3402.21,9.0,531.21,3411.21
Job_040,0,3024.74,M1,3402.21,91.0,468.47,3493.21
Job_039,1,2963.42,M2,3411.21,90.0,537.79,3501.21
Job_032,7,2563.32,M6,3433.21,65.0,934.89,3498.21
Job_038,3,2880.0,M3,3436.21,36.0,592.21,3472.21
Job_030,8,2334.99,M4,3456.21,26.0,1147.22,3482.21
Job_034,5,2574.27,M4,3482.21,69.0,976.94,3551.21
Job_033,5,2568.21,M8,3487.21,52.0,971.0,3539.21
Job_035,5,2575.63,M5,3487.21,10.0,921.58,3497.21
Job_041,0,3077.03,M1,3493.21,81.0,497.18,3574.21
Job_035,6,2575.63,M7,3497.21,12.0,933.58,3509.21
Job_042,0,3113.63,M2,3501.21,14.0,401.58,3515.21
Job_035,7,2575.63,M6,3509.21,89.0,1022.58,3598.21
Job_042,1,3113.63,M0,3515.21,6.0,407.58,3521.21
Job_043,0,3182.58,M2,3515.21,84.0,416.63,3599.21
Job_040,1,3024.74,M0,3521.21,85.0,581.47,3606.21
Job_030,9,2334.99,M8,3539.21,74.0,1278.22,3613.21
Job_033,6,2568.21,M7,3539.21,85.0,1056.0,3624.21
Job_036,4,2694.35,M4,3551.21,49.0,905.86,3600.21
Job_042,2,3113.63,M1,3574.21,22.0,482.58,3596.21
Job_035,8,2575.63,M9,3598.21,45.0,1067.58,3643.21
Job_041,1,3077.03,M2,3599.21,95.0,617.18,3694.21
Job_043,1,3182.58,M1,3599.21,2.0,418.63,3601.21
Job_032,8,2563.32,M4,3600.21,6.0,1042.89,3606.21
Job_036,5,2694.35,M5,3600.21,11.0,916.86,3611.21
Job_044,0,3220.81,M1,3601.21,46.0,426.4,3647.21
Job_038,4,2880.0,M4,3606.21,49.0,775.21,3655.21
Job_036,6,2694.35,M6,3611.21,62.0,978.86,3673.21
Job_034,6,2574.27,M8,3613.21,21.0,1059.94,3634.21
Job_032,9,2563.32,M7,3624.21,25.0,1085.89,3649.21
Job_033,7,2568.21,M3,3624.21,98.0,1154.0,3722.21
Job_044,1,3220.81,M0,3647.21,37.0,463.4,3684.21
Job_034,7,2574.27,M7,3649.21,49.0,1123.94,3698.21
Job_035,9,2575.63,M4,3655.21,33.0,1112.58,3688.21
Job_038,5,2880.0,M5,3655.21,11.0,786.21,3666.21
Job_042,3,3113.63,M5,3666.21,61.0,613.58,3727.21
Job_037,3,2794.37,M6,3673.21,7.0,885.84,3680.21
Job_037,4,2794.37,M8,3680.21,64.0,949.84,3744.21
Job_039,2,2963.42,M4,3688.21,75.0,799.79,3763.21
Job_038,6,2880.0,M6,3692.21,62.0,874.21,3754.21
Job_034,8,2574.27,M9,3698.21,72.0,1195.94,3770.21
Job_036,7,2694.35,M7,3698.21,56.0,1059.86,3754.21
Job_040,2,3024.74,M3,3722.21,39.0,736.47,3761.21
Job_036,8,2694.35,M8,3754.21,44.0,1103.86,3798.21
Job_038,7,2880.0,M7,3754.21,56.0,930.21,3810.21
Job_040,3,3024.74,M2,3761.21,74.0,810.47,3835.21
Job_042,4,3113.63,M3,3761.21,26.0,673.58,3787.21
Job_033,8,2568.21,M9,3770.21,22.0,1224.0,3792.21
Job_034,9,2574.27,M6,3770.21,53.0,1248.94,3823.21
Job_042,5,3113.63,M4,3787.21,69.0,742.58,3856.21
Job_033,9,2568.21,M5,3792.21,43.0,1267.0,3835.21
Job_039,3,2963.42,M9,3792.21,11.0,839.79,3803.21
Job_037,5,2794.37,M9,3803.21,76.0,1084.84,3879.21
Job_039,4,2963.42,M3,3803.21,69.0,908.79,3872.21
Job_038,8,2880.0,M8,3810.21,44.0,974.21,3854.21
Job_043,2,3182.58,M5,3835.21,52.0,704.63,3887.21
Job_045,0,3368.49,M2,3835.21,31.0,497.72,3866.21
Job_042,6,3113.63,M8,3856.21,21.0,763.58,3877.21
Job_045,1,3368.49,M0,3866.21,86.0,583.72,3952.21
Job_039,5,2963.42,M1,3872.21,28.0,936.79,3900.21
Job_040,4,3024.74,M8,3877.21,90.0,942.47,3967.21
Job_042,7,3113.63,M7,3877.21,49.0,812.58,3926.21
Job_036,9,2694.35,M9,3879.21,21.0,1205.86,3900.21
Job_037,6,2794.37,M5,3887.21,47.0,1139.84,3934.21
Job_043,3,3182.58,M3,3887.21,95.0,799.63,3982.21
Job_038,9,2880.0,M9,3900.21,21.0,1041.21,3921.21
Job_039,6,2963.42,M6,3900.21,46.0,982.79,3946.21
Job_042,8,3113.63,M9,3926.21,72.0,884.58,3998.21
Job_039,7,2963.42,M5,3946.21,46.0,1028.79,3992.21
Job_041,2,3077.03,M0,3952.21,71.0,946.18,4023.21
Job_045,2,3368.49,M1,3952.21,46.0,629.72,3998.21
Job_037,7,2794.37,M3,3982.21,52.0,1239.84,4034.21
Job_043,4,3182.58,M8,3982.21,48.0,847.63,4030.21
Job_039,8,2963.42,M7,3992.21,72.0,1100.79,4064.21
Job_040,5,3024.74,M5,3992.21,10.0,977.47,4002.21
Job_042,9,3113.63,M6,3998.21,53.0,937.58,4051.21
Job_047,0,3620.79,M1,3998.21,85.0,462.42,4083.21
Job_043,5,3182.58,M9,4030.21,72.0,919.63,4102.21
Job_037,8,2794.37,M4,4034.21,90.0,1329.84,4124.21
Job_044,2,3220.81,M3,4034.21,61.0,874.4,4095.21
Job_039,9,2963.42,M8,4064.21,30.0,1130.79,4094.21
Job_044,3,3220.81,M2,4095.21,13.0,887.4,4108.21
Job_043,6,3182.58,M0,4102.21,47.0,966.63,4149.21
Job_044,4,3220.81,M6,4108.21,32.0,919.4,4140.21
Job_048,0,3725.0,M2,4108.21,31.0,414.21,4139.21
Job_037,9,2794.37,M7,4124.21,45.0,1374.84,4169.21
Job_041,3,3077.03,M4,4124.21,99.0,1146.18,4223.21
Job_044,5,3220.81,M5,4140.21,21.0,940.4,4161.21
Job_046,0,3588.67,M0,4149.21,76.0,636.54,4225.21
Job_044,6,3220.81,M9,4161.21,32.0,972.4,4193.21
Job_045,3,3368.49,M5,4161.21,74.0,866.72,4235.21
Job_040,6,3024.74,M7,4169.21,12.0,1156.47,4181.21
Job_040,7,3024.74,M6,4181.21,89.0,1245.47,4270.21
Job_046,1,3588.67,M1,4225.21,69.0,705.54,4294.21
Job_047,1,3620.79,M0,4225.21,13.0,617.42,4238.21
Job_047,2,3620.79,M2,4238.21,61.0,678.42,4299.21
Job_048,1,3725.0,M0,4238.21,86.0,599.21,4324.21
Job_040,8,3024.74,M9,4270.21,45.0,1290.47,4315.21
Job_041,4,3077.03,M6,4270.21,9.0,1202.18,4279.21
Job_041,5,3077.03,M8,4279.21,52.0,1254.18,4331.21
Job_043,7,3182.58,M6,4279.21,65.0,1161.63,4344.21
Job_046,2,3588.67,M3,4294.21,76.0,781.54,4370.21
Job_040,9,3024.74,M4,4315.21,33.0,1323.47,4348.21
Job_048,2,3725.0,M1,4324.21,46.0,645.21,4370.21
Job_049,0,3774.99,M0,4324.21,76.0,625.22,4400.21
Job_041,6,3077.03,M7,4331.21,85.0,1339.18,4416.21
Job_044,7,3220.81,M8,4331.21,89.0,1199.4,4420.21
Job_045,4,3368.49,M4,4348.21,32.0,1011.72,4380.21
Job_046,3,3588.67,M5,4370.21,51.0,832.54,4421.21
Job_043,8,3182.58,M4,4380.21,6.0,1203.63,4386.21
Job_045,5,3368.49,M6,4380.21,88.0,1099.72,4468.21
Job_049,1,3774.99,M1,4400.21,69.0,694.22,4469.21
Job_050,0,3830.74,M0,4400.21,43.0,612.47,4443.21
Job_041,7,3077.03,M3,4416.21,98.0,1437.18,4514.21
Job_043,9,3182.58,M7,4416.21,25.0,1258.63,4441.21
Job_044,8,3220.81,M7,4441.21,30.0,1250.4,4471.21
Job_050,1,3830.74,M2,4443.21,90.0,702.47,4533.21
Job_045,6,3368.49,M8,4468.21,19.0,1118.72,4487.21
Job_047,3,3620.79,M6,4468.21,7.0,854.42,4475.21
Job_044,9,3220.81,M4,4471.21,55.0,1305.4,4526.21
Job_045,7,3368.49,M9,4487.21,48.0,1166.72,4535.21
Job_047,4,3620.79,M8,4487.21,64.0,930.42,4551.21
Job_046,4,3588.67,M2,4533.21,85.0,1029.54,4618.21
Job_041,8,3077.03,M9,4535.21,22.0,1480.18,4557.21
Job_045,8,3368.49,M7,4535.21,36.0,1202.72,4571.21
Job_041,9,3077.03,M5,4557.21,43.0,1523.18,4600.21
Job_047,5,3620.79,M9,4557.21,76.0,1012.42,4633.21
Job_045,9,3368.49,M3,4571.21,79.0,1281.72,4650.21
Job_053,0,4014.27,M2,4618.21,14.0,617.94,4632.21
Job_051,0,4003.32,M2,4632.21,84.0,712.89,4716.21
Job_053,1,4014.27,M0,4632.21,6.0,623.94,4638.21
Job_046,5,3588.67,M9,4633.21,11.0,1055.54,4644.21
Job_047,6,3620.79,M5,4633.21,47.0,1059.42,4680.21
Job_053,2,4014.27,M1,4638.21,22.0,645.94,4660.21
Job_046,6,3588.67,M6,4644.21,40.0,1095.54,4684.21
Job_049,2,3774.99,M3,4650.21,76.0,951.22,4726.21
Job_048,3,3725.0,M5,4680.21,74.0,1029.21,4754.21
Job_046,7,3588.67,M7,4684.21,89.0,1184.54,4773.21
Job_051,1,4003.32,M1,4716.21,2.0,714.89,4718.21
Job_054,0,4015.63,M1,4718.21,91.0,793.58,4809.21
Job_047,7,3620.79,M3,4726.21,52.0,1157.42,4778.21
Job_048,4,3725.0,M4,4754.21,32.0,1061.21,4786.21
Job_049,3,3774.99,M5,4754.21,51.0,1030.22,4805.21
Job_048,5,3725.0,M6,4786.21,88.0,1149.21,4874.21
Job_050,2,3830.74,M4,4786.21,75.0,1030.47,4861.21
Job_049,4,3774.99,M2,4805.21,85.0,1115.22,4890.21
Job_053,3,4014.27,M5,4805.21,61.0,851.94,4866.21
Job_052,0,4008.21,M1,4809.21,81.0,882.0,4890.21
Job_054,1,4015.63,M0,4809.21,85.0,878.58,4894.21
Job_047,8,3620.79,M4,4861.21,90.0,1330.42,4951.21
Job_050,3,3830.74,M9,4861.21,11.0,1041.47,4872.21
Job_051,2,4003.32,M5,4866.21,52.0,914.89,4918.21
Job_050,4,3830.74,M3,4872.21,69.0,1110.47,4941.21
Job_048,6,3725.0,M8,4874.21,19.0,1168.21,4893.21
Job_052,1,4008.21,M2,4890.21,95.0,977.0,4985.21
Job_048,7,3725.0,M9,4893.21,48.0,1216.21,4941.21
Job_055,0,4134.35,M0,4894.21,29.0,788.86,4923.21
Job_049,5,3774.99,M9,4941.21,11.0,1177.22,4952.21
Job_050,5,3830.74,M1,4941.21,28.0,1138.47,4969.21
Job_053,4,4014.27,M3,4941.21,26.0,952.94,4967.21
Job_046,8,3588.67,M4,4951.21,26.0,1388.54,4977.21
Job_047,9,3620.79,M7,4951.21,45.0,1375.42,4996.21
Job_051,3,4003.32,M3,4967.21,95.0,1058.89,5062.21
Job_050,6,3830.74,M6,4969.21,46.0,1184.47,5015.21
Job_056,0,4234.37,M1,4969.21,85.0,819.84,5054.21
Job_046,9,3588.67,M8,4977.21,74.0,1462.54,5051.21
Job_053,5,4014.27,M4,4977.21,69.0,1031.94,5046.21
Job_052,2,4008.21,M0,4985.21,71.0,1048.0,5056.21
Job_048,8,3725.0,M7,4996.21,36.0,1307.21,5032.21
Job_049,6,3774.99,M6,5015.21,40.0,1280.22,5055.21
Job_050,7,3830.74,M5,5015.21,46.0,1230.47,5061.21
Job_053,6,4014.27,M8,5051.21,21.0,1057.94,5072.21
Job_055,1,4134.35,M1,5054.21,78.0,997.86,5132.21
Job_056,1,4234.37,M0,5056.21,13.0,834.84,5069.21
Job_054,2,4015.63,M3,5062.21,39.0,1085.58,5101.21
Job_056,2,4234.37,M2,5069.21,61.0,895.84,5130.21
Job_051,4,4003.32,M8,5072.21,48.0,1116.89,5120.21
Job_053,7,4014.27,M7,5072.21,49.0,1106.94,5121.21
Job_048,9,3725.0,M3,5101.21,79.0,1455.21,5180.21
Job_050,8,3830.74,M7,5121.21,72.0,1362.47,5193.21
Job_053,8,4014.27,M9,5121.21,72.0,1178.94,5193.21
Job_054,3,4015.63,M2,5130.21,74.0,1188.58,5204.21
Job_056,3,4234.37,M6,5130.21,7.0,902.84,5137.21
Job_049,7,3774.99,M7,5193.21,89.0,1507.22,5282.21
Job_050,9,3830.74,M8,5193.21,30.0,1392.47,5223.21
Job_051,5,4003.32,M9,5193.21,72.0,1261.89,5265.21
Job_053,9,4014.27,M6,5193.21,53.0,1231.94,5246.21
Job_055,2,4134.35,M2,5204.21,9.0,1078.86,5213.21
Job_055,3,4134.35,M3,5213.21,36.0,1114.86,5249.21
Job_056,4,4234.37,M8,5223.21,64.0,1052.84,5287.21
Job_051,6,4003.32,M0,5265.21,47.0,1308.89,5312.21
Job_049,8,3774.99,M4,5282.21,26.0,1533.22,5308.21
Job_054,4,4015.63,M8,5287.21,90.0,1361.58,5377.21
Job_056,5,4234.37,M9,5287.21,76.0,1128.84,5363.21
Job_051,7,4003.32,M6,5312.21,65.0,1373.89,5377.21
Job_049,9,3774.99,M8,5377.21,74.0,1676.22,5451.21
Job_051,8,4003.32,M4,5377.21,6.0,1379.89,5383.21
Job_054,5,4015.63,M5,5377.21,10.0,1371.58,5387.21
Job_052,3,4008.21,M4,5383.21,99.0,1474.0,5482.21
Job_054,6,4015.63,M7,5387.21,12.0,1383.58,5399.21
Job_056,6,4234.37,M5,5387.21,47.0,1199.84,5434.21
Job_051,9,4003.32,M7,5399.21,25.0,1420.89,5424.21
Job_056,7,4234.37,M3,5434.21,52.0,1251.84,5486.21
Job_052,4,4008.21,M6,5482.21,9.0,1483.0,5491.21
Job_055,4,4134.35,M4,5482.21,49.0,1396.86,5531.21
Job_052,5,4008.21,M8,5491.21,52.0,1535.0,5543.21
Job_054,7,4015.63,M6,5491.21,89.0,1564.58,5580.21
Job_055,5,4134.35,M5,5531.21,11.0,1407.86,5542.21
Job_056,8,4234.37,M4,5531.21,90.0,1386.84,5621.21
Job_052,6,4008.21,M7,5543.21,85.0,1620.0,5628.21
Job_054,8,4015.63,M9,5580.21,45.0,1609.58,5625.21
Job_055,6,4134.35,M6,5580.21,62.0,1507.86,5642.21
Job_054,9,4015.63,M4,5625.21,33.0,1642.58,5658.21
Job_052,7,4008.21,M3,5628.21,98.0,1718.0,5726.21
Job_056,9,4234.37,M7,5628.21,45.0,1438.84,5673.21
Job_055,7,4134.35,M7,5673.21,56.0,1594.86,5729.21
Job_052,8,4008.21,M9,5726.21,22.0,1740.0,5748.21
Job_055,8,4134.35,M8,5729.21,44.0,1638.86,5773.21
Job_052,9,4008.21,M5,5748.21,43.0,1783.0,5791.21
Job_055,9,4134.35,M9,5773.21,21.0,1659.86,5794.21
