Job,Arrival,Deadline
Job_000,0.0,792.0
Job_001,82.55,1593.0
Job_002,143.24,1682.0
Job_003,194.98,1784.0
Job_004,231.2,1749.0
Job_005,299.44,1659.0
Job_006,337.27,1383.0
Job_007,483.42,2351.0
Job_008,701.31,2163.0
Job_009,733.09,2014.0
Job_010,836.22,2472.0
Job_011,885.69,2875.0
Job_012,940.87,2631.0
Job_013,1111.65,2506.0
Job_014,1116.49,2821.0
Job_015,1122.49,2686.0
Job_016,1123.83,3631.0
Job_017,1241.32,2661.0
Job_018,1340.3,2978.0
Job_019,1440.0,2799.0
Job_020,1522.55,2943.0
Job_021,1583.24,3311.0
Job_022,1634.98,3483.0
Job_023,1671.2,2802.0
Job_024,1739.44,3251.0
Job_025,1777.27,3086.0
Job_026,1923.42,3458.0
Job_027,2141.31,4340.0
Job_028,2173.09,3744.0
Job_029,2276.22,4050.0
Job_030,2325.69,4372.0
Job_031,2380.87,4229.0
Job_032,2551.65,3691.0
Job_033,2556.49,4626.0
Job_034,2562.49,3918.0
Job_035,2563.83,4344.0
Job_036,2681.32,3780.0
Job_037,2780.3,4726.0
Job_038,2880.0,3903.0
Job_039,2962.55,4573.0
Job_040,3023.24,4665.0
Job_041,3074.98,5207.0
Job_042,3111.2,4493.0
Job_043,3179.44,4286.0
Job_044,3217.27,4045.0
Job_045,3363.42,4914.0
Job_046,3581.31,5270.0
Job_047,3613.09,5314.0
Job_048,3716.22,5489.0
Job_049,3765.69,5255.0
Job_050,3820.87,5144.0
Job_051,3991.65,5459.0
Job_052,3996.49,6613.0
Job_053,4002.49,4805.0
Job_054,4003.83,5718.0
Job_055,4121.32,5427.0
Job_056,4220.3,6028.0
Job_057,4320.0,5509.0
Job_058,4402.55,5880.0
Job_059,4463.24,6223.0
Job_060,4514.98,6486.0
Job_061,4551.2,5730.0
Job_062,4619.44,6280.0
Job_063,4657.27,5663.0
Job_064,4803.42,6347.0
Job_065,5021.31,7071.0
Job_066,5053.09,6670.0
Job_067,5156.22,6708.0
Job_068,5205.69,6763.0
Job_069,5260.87,6713.0
Job_070,5431.65,6963.0
Job_071,5436.49,7449.0
Job_072,5442.49,6787.0
Job_073,5443.83,7256.0
Job_074,5561.32,7100.0
Job_075,5660.3,7124.0
Job_076,5760.0,7445.0
Job_077,5842.55,7628.0
Job_078,5903.24,7793.0
Job_079,5954.98,7513.0
Job_080,5991.2,7465.0
Job_081,6059.44,6952.0
Job_082,6097.27,7328.0
Job_083,6243.42,6909.0
Job_084,6461.31,8189.0
Job_085,6493.09,8187.0
Job_086,6596.22,8188.0
Job_087,6645.69,8266.0
Job_088,6700.87,8130.0
Job_089,6871.65,7715.0
Job_090,6876.49,8860.0
Job_091,6882.49,7875.0
Job_092,6883.83,8754.0
Job_093,7001.32,8577.0
Job_094,7100.3,9082.0
Job_095,7200.0,8055.0
Job_096,7282.55,8581.0
Job_097,7343.24,9036.0
Job_098,7394.98,9558.0
Job_099,7431.2,8470.0
Job_100,7499.44,8913.0
Job_101,7537.27,8787.0
Job_102,7683.42,9182.0
Job_103,7901.31,9649.0
Job_104,7933.09,9499.0
Job_105,8036.22,9592.0
Job_106,8085.69,9815.0
Job_107,8140.87,9733.0
Job_108,8311.65,9601.0
Job_109,8316.49,9664.0
Job_110,8322.49,9362.0
Job_111,8323.83,10222.0
Job_112,8441.32,9577.0
Job_113,8540.3,9831.0
Job_114,8640.0,9866.0
Job_115,8722.55,10449.0
Job_116,8783.24,10053.0
Job_117,8834.98,10394.0
Job_118,8871.2,9770.0
Job_119,8939.44,10132.0
Job_120,8977.27,10661.0
Job_121,9123.42,10454.0
Job_122,9341.31,11333.0
Job_123,9373.09,11165.0
Job_124,9476.22,11255.0
Job_125,9525.69,11380.0
Job_126,9580.87,10908.0
Job_127,9751.65,11097.0
Job_128,9756.49,11417.0
Job_129,9762.49,10702.0
Job_130,9763.83,11184.0
Job_131,9881.32,11051.0
Job_132,9980.3,11430.0
Job_133,10080.0,11361.0
Job_134,10162.55,11967.0
Job_135,10223.24,12521.0
Job_136,10274.98,12191.0
Job_137,10311.2,11093.0
Job_138,10379.44,12197.0
Job_139,10417.27,11616.0
Job_140,10563.42,12361.0
Job_141,10781.31,12259.0
Job_142,10813.09,12291.0
Job_143,10916.22,12560.0
Job_144,10965.69,12515.0
Job_145,11020.87,12850.0
Job_146,11191.65,13071.0
Job_147,11196.49,13228.0
Job_148,11202.49,12235.0
Job_149,11203.83,12718.0
Job_150,11321.32,12417.0
Job_151,11420.3,12933.0
Job_152,11520.0,12521.0
Job_153,11602.55,13283.0
Job_154,11663.24,13146.0
Job_155,11714.98,13646.0
Job_156,11751.2,13296.0
Job_157,11819.44,13081.0
Job_158,11857.27,13096.0
Job_159,12003.42,13471.0
Job_160,12221.31,14080.0
Job_161,12253.09,13726.0
Job_162,12356.22,13498.0
Job_163,12405.69,14014.0
Job_164,12460.87,13774.0
Job_165,12631.65,14326.0
Job_166,12636.49,14531.0
Job_167,12642.49,13811.0
Job_168,12643.83,14337.0
Job_169,12761.32,13920.0
Job_170,12860.3,14156.0
Job_171,12960.0,13770.0
Job_172,13042.55,14210.0
Job_173,13103.24,14547.0
Job_174,13154.98,14711.0
Job_175,13191.2,14400.0
Job_176,13259.44,15372.0
Job_177,13297.27,14430.0
Job_178,13443.42,14358.0
Job_179,13661.31,15443.0
Job_180,13693.09,14983.0
Job_181,13796.22,15584.0
Job_182,13845.69,15634.0
Job_183,13900.87,15078.0
Job_184,14071.65,15727.0
Job_185,14076.49,15975.0
Job_186,14082.49,15217.0
Job_187,14083.83,15645.0
Job_188,14201.32,16045.0
Job_189,14300.3,15888.0
Job_190,14400.0,15597.0
Job_191,14482.55,16016.0
Job_192,14543.24,16005.0
Job_193,14594.98,16529.0
Job_194,14631.2,15780.0
Job_195,14699.44,16613.0
Job_196,14737.27,15738.0
Job_197,14883.42,16825.0
Job_198,15101.31,16739.0
Job_199,15133.09,16477.0
Job_200,15236.22,16980.0
Job_201,15285.69,17077.0
Job_202,15340.87,16919.0
Job_203,15511.65,17108.0
Job_204,15516.49,17377.0
Job_205,15522.49,16813.0
Job_206,15523.83,17371.0
Job_207,15641.32,17015.0
Job_208,15740.3,17249.0
Job_209,15840.0,16932.0
Job_210,15922.55,17088.0
Job_211,15983.24,17362.0
Job_212,16034.98,18093.0
Job_213,16071.2,17280.0
Job_214,16139.44,17497.0
Job_215,16177.27,17341.0
Job_216,16323.42,17913.0
Job_217,16541.31,18687.0
Job_218,16573.09,18387.0
Job_219,16676.22,18339.0
Job_220,16725.69,18287.0
Job_221,16780.87,18240.0
Job_222,16951.65,18817.0
Job_223,16956.49,19335.0
Job_224,16962.49,18401.0
Job_225,16963.83,18955.0
Job_226,17081.32,18374.0
Job_227,17180.3,18429.0
Job_228,17280.0,18595.0
Job_229,17362.55,18608.0
Job_230,17423.24,18834.0
Job_231,17474.98,19564.0
Job_232,17511.2,18857.0
Job_233,17579.44,19372.0
Job_234,17617.27,18948.0
Job_235,17763.42,19614.0
Job_236,17981.31,19576.0
Job_237,18013.09,19206.0
Job_238,18116.22,19826.0
Job_239,18165.69,19829.0
Job_240,18220.87,19242.0
Job_241,18391.65,19563.0
Job_242,18396.49,20706.0
Job_243,18402.49,19659.0
Job_244,18403.83,20055.0
Job_245,18521.32,19798.0
Job_246,18620.3,20415.0
Job_247,18720.0,19654.0
Job_248,18802.55,20171.0
Job_249,18863.24,20202.0
Job_250,18914.98,20803.0
Job_251,18951.2,19750.0
Job_252,19019.44,20591.0
Job_253,19057.27,20572.0
Job_254,19203.42,20759.0
Job_255,19421.31,20982.0
Job_256,19453.09,21001.0
Job_257,19556.22,21261.0
Job_258,19605.69,21284.0
Job_259,19660.87,21043.0
Job_260,19831.65,21241.0
Job_261,19836.49,21954.0
Job_262,19842.49,20890.0
Job_263,19843.83,21327.0
Job_264,19961.32,20693.0
Job_265,20060.3,22123.0
Job_266,20160.0,21556.0
Job_267,20242.55,22303.0
Job_268,20303.24,22215.0
Job_269,20354.98,22447.0
Job_270,20391.2,21462.0
Job_271,20459.44,22093.0
Job_272,20497.27,21625.0
Job_273,20643.42,22417.0
Job_274,20861.31,22737.0
Job_275,20893.09,22445.0
Job_276,20996.22,23173.0
Job_277,21045.69,22632.0
Job_278,21100.87,22833.0
Job_279,21271.65,22643.0
Job_280,21276.49,22954.0
Job_281,21282.49,22316.0
Job_282,21283.83,22830.0
Job_283,21401.32,22735.0
Job_284,21500.3,23316.0
Job_285,21600.0,22943.0
Job_286,21682.55,23002.0
Job_287,21743.24,23315.0
Job_288,21794.98,23264.0
Job_289,21831.2,23228.0
Job_290,21899.44,23575.0
Job_291,21937.27,23079.0
Job_292,22083.42,23702.0
Job_293,22301.31,23599.0
Job_294,22333.09,23607.0
Job_295,22436.22,24149.0
Job_296,22485.69,23996.0
Job_297,22540.87,23907.0
Job_298,22711.65,24261.0
Job_299,22716.49,24636.0
Job_300,22722.49,24011.0
Job_301,22723.83,24623.0
Job_302,22841.32,24300.0
Job_303,22940.3,24621.0
Job_304,23040.0,24487.0
Job_305,23122.55,24654.0
Job_306,23183.24,24670.0
Job_307,23234.98,25326.0
Job_308,23271.2,24643.0
Job_309,23339.44,25132.0
Job_310,23377.27,24121.0
Job_311,23523.42,24949.0
Job_312,23741.31,25230.0
Job_313,23773.09,25581.0
Job_314,23876.22,25195.0
Job_315,23925.69,25308.0
Job_316,23980.87,25536.0
Job_317,24151.65,26093.0
Job_318,24156.49,26360.0
Job_319,24162.49,24892.0
Job_320,24163.83,25883.0
Job_321,24281.32,25603.0
Job_322,24380.3,25915.0
