Job,Operation,Arrival,Deadline,Machine,Start,Processing Time,End,Tardiness
Job_009,6,740.79,2628.8113793702423,M5,1486.11,47.0,1533.11,0.0
Job_012,3,950.74,2733.871302738562,M9,1486.11,11.0,1497.11,0.0
Job_008,1,708.67,2795.9825249704345,M1,1505.02,69.0,1574.02,0.0
Job_019,0,1440.0,2821.052675650455,M0,1505.02,29.0,1534.02,0.0
Job_011,0,894.99,2982.302524970434,M0,1534.02,76.0,1610.02,0.0
Job_001,9,83.42,1866.5513027385623,M8,1534.22,30.0,1564.22,0.0
Job_007,8,488.49,2373.0150434825196,M7,1534.22,36.0,1570.22,0.0
Job_003,8,197.03,2487.1300064583497,M9,1561.64,22.0,1583.64,0.0
Job_012,4,950.74,2733.871302738562,M3,1561.64,69.0,1630.64,0.0
Job_015,7,1134.27,2508.3300038750094,M7,1570.22,49.0,1619.22,0.0
Job_003,9,197.03,2487.1300064583497,M5,1583.64,43.0,1626.64,0.0
Job_015,8,1134.27,2508.3300038750094,M9,1619.22,72.0,1691.22,0.0
Job_010,3,845.0,2729.5250434825193,M5,1626.64,74.0,1700.64,0.0
Job_012,5,950.74,2733.871302738562,M1,1630.64,28.0,1658.64,0.0
Job_017,3,1254.35,2635.402675650455,M3,1630.64,36.0,1666.64,0.0
Job_012,6,950.74,2733.871302738562,M6,1658.64,46.0,1704.64,0.0
Job_013,1,1123.32,2857.502600310445,M1,1658.64,2.0,1660.64,0.0
Job_019,1,1440.0,2821.052675650455,M1,1660.64,78.0,1738.64,0.0
Job_009,7,740.79,2628.8113793702423,M3,1666.64,52.0,1718.64,0.0
Job_017,4,1254.35,2635.402675650455,M4,1666.64,49.0,1715.64,0.0
Job_015,9,1134.27,2508.3300038750094,M6,1704.64,53.0,1757.64,0.0
Job_017,5,1254.35,2635.402675650455,M5,1715.64,11.0,1726.64,0.0
Job_007,9,488.49,2373.0150434825196,M3,1718.64,79.0,1797.64,0.0
Job_009,8,740.79,2628.8113793702423,M4,1718.64,90.0,1808.64,0.0
Job_012,7,950.74,2733.871302738562,M5,1726.64,46.0,1772.64,0.0
Job_011,1,894.99,2982.302524970434,M1,1738.64,69.0,1807.64,0.0
Job_019,2,1440.0,2821.052675650455,M2,1738.64,9.0,1747.64,0.0
Job_017,6,1254.35,2635.402675650455,M6,1757.64,62.0,1819.64,0.0
Job_008,2,708.67,2795.9825249704345,M3,1797.64,76.0,1873.64,0.0
Job_016,0,1135.63,3121.5487842264774,M1,1807.64,91.0,1898.64,0.0
Job_009,9,740.79,2628.8113793702423,M7,1808.64,45.0,1853.64,0.0
Job_010,4,845.0,2729.5250434825193,M4,1808.64,32.0,1840.64,0.0
Job_010,5,845.0,2729.5250434825193,M6,1840.64,88.0,1928.64,0.0
Job_008,3,708.67,2795.9825249704345,M5,1873.64,51.0,1924.64,0.0
Job_019,3,1440.0,2821.052675650455,M3,1873.64,36.0,1909.64,0.0
Job_017,7,1254.35,2635.402675650455,M7,1891.64,56.0,1947.64,0.0
Job_025,0,1780.81,3235.285729292631,M1,1898.64,46.0,1944.64,0.0
Job_011,2,894.99,2982.302524970434,M3,1909.64,76.0,1985.64,0.0
Job_019,4,1440.0,2821.052675650455,M4,1909.64,49.0,1958.64,0.0
Job_008,4,708.67,2795.9825249704345,M2,1924.64,85.0,2009.64,0.0
Job_010,6,845.0,2729.5250434825193,M8,1928.64,19.0,1947.64,0.0
Job_016,1,1135.63,3121.5487842264774,M0,1938.64,85.0,2023.64,0.0
Job_010,7,845.0,2729.5250434825193,M9,1947.64,48.0,1995.64,0.0
Job_017,8,1254.35,2635.402675650455,M8,1947.64,44.0,1991.64,0.0
Job_019,5,1440.0,2821.052675650455,M5,1958.64,11.0,1969.64,0.0
Job_011,3,894.99,2982.302524970434,M5,1985.64,51.0,2036.64,0.0
Job_010,8,845.0,2729.5250434825193,M7,1995.64,36.0,2031.64,0.0
Job_008,5,708.67,2795.9825249704345,M9,2009.64,11.0,2020.64,0.0
Job_023,0,1673.63,3047.69000387501,M2,2009.64,14.0,2023.64,0.0
Job_008,6,708.67,2795.9825249704345,M6,2020.64,40.0,2060.64,0.0
Job_017,9,1254.35,2635.402675650455,M9,2020.64,21.0,2041.64,0.0
Job_023,1,1673.63,3047.69000387501,M0,2023.64,6.0,2029.64,0.0
Job_020,0,1523.42,3306.5513027385623,M0,2029.64,43.0,2072.64,0.0
Job_023,2,1673.63,3047.69000387501,M1,2029.64,22.0,2051.64,0.0
Job_012,8,950.74,2733.871302738562,M7,2031.64,72.0,2103.64,0.0
Job_011,4,894.99,2982.302524970434,M2,2036.64,85.0,2121.64,0.0
Job_013,2,1123.32,2857.502600310445,M5,2036.64,52.0,2088.64,0.0
Job_018,0,1354.37,3242.3913793702422,M1,2051.64,85.0,2136.64,0.0
Job_019,6,1440.0,2821.052675650455,M6,2060.64,62.0,2122.64,0.0
Job_025,1,1780.81,3235.285729292631,M0,2072.64,37.0,2109.64,0.0
Job_013,3,1123.32,2857.502600310445,M3,2088.64,95.0,2183.64,0.0
Job_023,3,1673.63,3047.69000387501,M5,2088.64,61.0,2149.64,0.0
Job_008,7,708.67,2795.9825249704345,M7,2103.64,89.0,2192.64,0.0
Job_012,9,950.74,2733.871302738562,M8,2103.64,30.0,2133.64,0.0
Job_011,5,894.99,2982.302524970434,M9,2121.64,11.0,2132.64,0.0
Job_020,1,1523.42,3306.5513027385623,M2,2121.64,90.0,2211.64,0.0
Job_011,6,894.99,2982.302524970434,M6,2132.64,40.0,2172.64,0.0
Job_014,0,1128.21,3418.3100064583496,M1,2136.64,81.0,2217.64,0.0
Job_018,1,1354.37,3242.3913793702422,M0,2136.64,13.0,2149.64,0.0
Job_010,9,845.0,2729.5250434825193,M3,2183.64,79.0,2262.64,0.0
Job_013,4,1123.32,2857.502600310445,M8,2183.64,48.0,2231.64,0.0
Job_008,8,708.67,2795.9825249704345,M4,2192.64,26.0,2218.64,0.0
Job_019,7,1440.0,2821.052675650455,M7,2192.64,56.0,2248.64,0.0
Job_021,0,1584.74,3570.658784226477,M1,2217.64,91.0,2308.64,0.0
Job_008,9,708.67,2795.9825249704345,M8,2231.64,74.0,2305.64,0.0
Job_013,5,1123.32,2857.502600310445,M9,2231.64,72.0,2303.64,0.0
Job_011,7,894.99,2982.302524970434,M7,2248.64,89.0,2337.64,0.0
Job_023,4,1673.63,3047.69000387501,M3,2262.64,26.0,2288.64,0.0
Job_018,2,1354.37,3242.3913793702422,M2,2266.64,61.0,2327.64,0.0
Job_016,2,1135.63,3121.5487842264774,M3,2288.64,39.0,2327.64,0.0
Job_023,5,1673.63,3047.69000387501,M4,2288.64,69.0,2357.64,0.0
Job_013,6,1123.32,2857.502600310445,M0,2303.64,47.0,2350.64,0.0
Job_016,3,1135.63,3121.5487842264774,M2,2327.64,74.0,2401.64,0.0
Job_025,2,1780.81,3235.285729292631,M3,2327.64,61.0,2388.64,0.0
Job_021,1,1584.74,3570.658784226477,M0,2350.64,85.0,2435.64,0.0
Job_020,2,1523.42,3306.5513027385623,M4,2357.64,75.0,2432.64,0.0
Job_025,3,1780.81,3235.285729292631,M2,2401.64,13.0,2414.64,0.0
Job_019,8,1440.0,2821.052675650455,M8,2402.64,44.0,2446.64,0.0
Job_014,1,1128.21,3418.3100064583496,M2,2414.64,95.0,2509.64,0.0
Job_025,4,1780.81,3235.285729292631,M6,2414.64,32.0,2446.64,0.0
Job_018,3,1354.37,3242.3913793702422,M6,2446.64,7.0,2453.64,0.0
Job_019,9,1440.0,2821.052675650455,M9,2446.64,21.0,2467.64,0.0
Job_025,5,1780.81,3235.285729292631,M5,2446.64,21.0,2467.64,0.0
Job_013,7,1123.32,2857.502600310445,M6,2453.64,65.0,2518.64,0.0
Job_018,4,1354.37,3242.3913793702422,M8,2453.64,64.0,2517.64,0.0
Job_025,6,1780.81,3235.285729292631,M9,2467.64,32.0,2499.64,0.0
Job_022,0,1637.03,3927.1300064583497,M1,2505.64,81.0,2586.64,0.0
Job_020,3,1523.42,3306.5513027385623,M9,2506.64,11.0,2517.64,0.0
Job_014,2,1128.21,3418.3100064583496,M0,2509.64,71.0,2580.64,0.0
Job_026,0,1928.49,3813.01504348252,M2,2509.64,31.0,2540.64,0.0
Job_018,5,1354.37,3242.3913793702422,M9,2517.64,76.0,2593.64,0.0
Job_020,4,1523.42,3306.5513027385623,M3,2517.64,69.0,2586.64,0.0
Job_023,6,1673.63,3047.69000387501,M8,2517.64,21.0,2538.64,0.0
Job_013,8,1123.32,2857.502600310445,M4,2518.64,6.0,2524.64,0.0
Job_011,8,894.99,2982.302524970434,M4,2524.64,26.0,2550.64,0.0
Job_013,9,1123.32,2857.502600310445,M7,2524.64,25.0,2549.64,0.0
Job_016,4,1135.63,3121.5487842264774,M8,2538.64,90.0,2628.64,0.0
Job_024,0,1742.58,3476.7626003104447,M2,2540.64,84.0,2624.64,0.0
Job_023,7,1673.63,3047.69000387501,M7,2549.64,49.0,2598.64,0.0
Job_026,1,1928.49,3813.01504348252,M0,2580.64,86.0,2666.64,0.0
Job_020,5,1523.42,3306.5513027385623,M1,2586.64,28.0,2614.64,0.0
Job_021,2,1584.74,3570.658784226477,M3,2586.64,39.0,2625.64,0.0
Job_014,3,1128.21,3418.3100064583496,M4,2593.64,99.0,2692.64,0.0
Job_018,6,1354.37,3242.3913793702422,M5,2593.64,47.0,2640.64,0.0
Job_023,8,1673.63,3047.69000387501,M9,2598.64,72.0,2670.64,0.0
Job_020,6,1523.42,3306.5513027385623,M6,2614.64,46.0,2660.64,0.0
Job_022,1,1637.03,3927.1300064583497,M2,2624.64,95.0,2719.64,0.0
Job_024,1,1742.58,3476.7626003104447,M1,2624.64,2.0,2626.64,0.0
Job_025,7,1780.81,3235.285729292631,M8,2628.64,89.0,2717.64,0.0
Job_016,5,1135.63,3121.5487842264774,M5,2640.64,10.0,2650.64,0.0
Job_018,7,1354.37,3242.3913793702422,M3,2640.64,52.0,2692.64,0.0
Job_016,6,1135.63,3121.5487842264774,M7,2650.64,12.0,2662.64,0.0
Job_020,7,1523.42,3306.5513027385623,M5,2660.64,46.0,2706.64,0.0
Job_026,2,1928.49,3813.01504348252,M1,2666.64,46.0,2712.64,0.0
Job_023,9,1673.63,3047.69000387501,M6,2670.64,53.0,2723.64,0.0
Job_018,8,1354.37,3242.3913793702422,M4,2692.64,90.0,2782.64,0.0
Job_024,2,1742.58,3476.7626003104447,M5,2706.64,52.0,2758.64,0.0
Job_028,0,2180.79,4068.8113793702423,M1,2712.64,85.0,2797.64,0.0
Job_011,9,894.99,2982.302524970434,M8,2717.64,74.0,2791.64,0.0
Job_025,8,1780.81,3235.285729292631,M7,2717.64,30.0,2747.64,0.0
Job_021,3,1584.74,3570.658784226477,M2,2719.64,74.0,2793.64,0.0
Job_022,2,1637.03,3927.1300064583497,M0,2719.64,71.0,2790.64,0.0
Job_016,7,1135.63,3121.5487842264774,M6,2723.64,89.0,2812.64,0.0
Job_020,8,1523.42,3306.5513027385623,M7,2747.64,72.0,2819.64,0.0
Job_024,3,1742.58,3476.7626003104447,M3,2758.64,95.0,2853.64,0.0
Job_025,9,1780.81,3235.285729292631,M4,2782.64,55.0,2837.64,0.0
Job_021,4,1584.74,3570.658784226477,M8,2793.64,90.0,2883.64,0.0
Job_034,0,2574.27,3948.3300038750094,M2,2793.64,14.0,2807.64,0.0
Job_028,1,2180.79,4068.8113793702423,M0,2797.64,13.0,2810.64,0.0
Job_028,2,2180.79,4068.8113793702423,M2,2810.64,61.0,2871.64,0.0
Job_034,1,2574.27,3948.3300038750094,M0,2810.64,6.0,2816.64,0.0
Job_014,4,1128.21,3418.3100064583496,M6,2812.64,9.0,2821.64,0.0
Job_016,8,1135.63,3121.5487842264774,M9,2812.64,45.0,2857.64,0.0
Job_034,2,2574.27,3948.3300038750094,M1,2816.64,22.0,2838.64,0.0
Job_036,0,2694.35,4075.402675650455,M0,2816.64,29.0,2845.64,0.0
Job_018,9,1354.37,3242.3913793702422,M7,2819.64,45.0,2864.64,0.0
Job_022,3,1637.03,3927.1300064583497,M4,2837.64,99.0,2936.64,0.0
Job_036,1,2694.35,4075.402675650455,M1,2845.64,78.0,2923.64,0.0
Job_029,0,2285.0,4169.525043482519,M2,2871.64,31.0,2902.64,0.0
Job_014,5,1128.21,3418.3100064583496,M8,2883.64,52.0,2935.64,0.0
Job_021,5,1584.74,3570.658784226477,M5,2883.64,10.0,2893.64,0.0
Job_021,6,1584.74,3570.658784226477,M7,2893.64,12.0,2905.64,0.0
Job_026,3,1928.49,3813.01504348252,M5,2893.64,74.0,2967.64,0.0
Job_029,1,2285.0,4169.525043482519,M0,2902.64,86.0,2988.64,0.0
Job_021,7,1584.74,3570.658784226477,M6,2905.64,89.0,2994.64,0.0
Job_014,6,1128.21,3418.3100064583496,M7,2935.64,85.0,3020.64,0.0
Job_020,9,1523.42,3306.5513027385623,M8,2935.64,30.0,2965.64,0.0
Job_024,4,1742.58,3476.7626003104447,M8,2965.64,48.0,3013.64,0.0
Job_026,4,1928.49,3813.01504348252,M4,2967.64,32.0,2999.64,0.0
Job_029,2,2285.0,4169.525043482519,M1,2988.64,46.0,3034.64,0.0
Job_022,4,1637.03,3927.1300064583497,M6,2994.64,9.0,3003.64,0.0
Job_016,9,1135.63,3121.5487842264774,M4,2999.64,33.0,3032.64,0.0
Job_026,5,1928.49,3813.01504348252,M6,3003.64,88.0,3091.64,0.0
Job_022,5,1637.03,3927.1300064583497,M8,3013.64,52.0,3065.64,0.0
Job_024,5,1742.58,3476.7626003104447,M9,3013.64,72.0,3085.64,0.0
Job_014,7,1128.21,3418.3100064583496,M3,3020.64,98.0,3118.64,0.0
Job_022,6,1637.03,3927.1300064583497,M7,3065.64,85.0,3150.64,0.0
Job_021,8,1584.74,3570.658784226477,M9,3085.64,45.0,3130.64,0.0
Job_024,6,1742.58,3476.7626003104447,M0,3085.64,47.0,3132.64,0.0
Job_026,6,1928.49,3813.01504348252,M8,3091.64,19.0,3110.64,0.0
Job_028,3,2180.79,4068.8113793702423,M6,3091.64,7.0,3098.64,0.0
Job_028,4,2180.79,4068.8113793702423,M8,3110.64,64.0,3174.64,0.0
Job_014,8,1128.21,3418.3100064583496,M9,3130.64,22.0,3152.64,0.0
Job_021,9,1584.74,3570.658784226477,M4,3130.64,33.0,3163.64,0.0
Job_024,7,1742.58,3476.7626003104447,M6,3132.64,65.0,3197.64,0.0
Job_031,0,2390.74,4173.871302738562,M0,3132.64,43.0,3175.64,0.0
Job_022,7,1637.03,3927.1300064583497,M3,3150.64,98.0,3248.64,0.0
Job_014,9,1128.21,3418.3100064583496,M5,3152.64,43.0,3195.64,0.0
Job_026,7,1928.49,3813.01504348252,M9,3152.64,48.0,3200.64,0.0
Job_027,0,2148.67,4235.9825249704345,M0,3175.64,76.0,3251.64,0.0
Job_031,1,2390.74,4173.871302738562,M2,3175.64,90.0,3265.64,0.0
Job_034,3,2574.27,3948.3300038750094,M5,3195.64,61.0,3256.64,0.0
Job_024,8,1742.58,3476.7626003104447,M4,3197.64,6.0,3203.64,0.0
Job_028,5,2180.79,4068.8113793702423,M9,3200.64,76.0,3276.64,0.0
Job_024,9,1742.58,3476.7626003104447,M7,3203.64,25.0,3228.64,0.0
Job_026,8,1928.49,3813.01504348252,M7,3228.64,36.0,3264.64,0.0
Job_027,1,2148.67,4235.9825249704345,M1,3251.64,69.0,3320.64,0.0
Job_038,0,2880.0,4261.052675650455,M0,3251.64,29.0,3280.64,0.0
Job_034,4,2574.27,3948.3300038750094,M3,3256.64,26.0,3282.64,0.0
Job_031,2,2390.74,4173.871302738562,M4,3265.64,75.0,3340.64,0.0
Job_036,2,2694.35,4075.402675650455,M2,3265.64,9.0,3274.64,0.0
Job_032,0,2563.32,4297.502600310445,M2,3274.64,84.0,3358.64,0.0
Job_022,8,1637.03,3927.1300064583497,M9,3276.64,22.0,3298.64,0.0
Job_028,6,2180.79,4068.8113793702423,M5,3276.64,47.0,3323.64,0.0
Job_030,0,2334.99,4422.302524970434,M0,3280.64,76.0,3356.64,0.0
Job_026,9,1928.49,3813.01504348252,M3,3282.64,79.0,3361.64,0.0
Job_038,1,2880.0,4261.052675650455,M1,3320.64,78.0,3398.64,0.0
Job_022,9,1637.03,3927.1300064583497,M5,3323.64,43.0,3366.64,0.0
Job_031,3,2390.74,4173.871302738562,M9,3340.64,11.0,3351.64,0.0
Job_034,5,2574.27,3948.3300038750094,M4,3340.64,69.0,3409.64,0.0
Job_031,4,2390.74,4173.871302738562,M3,3361.64,69.0,3430.64,0.0
Job_029,3,2285.0,4169.525043482519,M5,3366.64,74.0,3440.64,0.0
Job_032,1,2563.32,4297.502600310445,M1,3398.64,2.0,3400.64,0.0
Job_038,2,2880.0,4261.052675650455,M2,3398.64,9.0,3407.64,0.0
Job_042,0,3113.63,4487.69000387501,M2,3407.64,14.0,3421.64,0.0
Job_034,6,2574.27,3948.3300038750094,M8,3409.64,21.0,3430.64,0.0
Job_042,1,3113.63,4487.69000387501,M0,3421.64,6.0,3427.64,0.0
Job_031,5,2390.74,4173.871302738562,M1,3430.64,28.0,3458.64,0.0
Job_034,7,2574.27,3948.3300038750094,M7,3430.64,49.0,3479.64,0.0
Job_036,3,2694.35,4075.402675650455,M3,3430.64,36.0,3466.64,0.0
Job_030,1,2334.99,4422.302524970434,M1,3458.64,69.0,3527.64,0.0
Job_028,7,2180.79,4068.8113793702423,M3,3466.64,52.0,3518.64,0.0
Job_036,4,2694.35,4075.402675650455,M4,3466.64,49.0,3515.64,0.0
Job_034,8,2574.27,3948.3300038750094,M9,3479.64,72.0,3551.64,0.0
Job_031,6,2390.74,4173.871302738562,M6,3502.64,46.0,3548.64,0.0
Job_029,4,2285.0,4169.525043482519,M4,3515.64,32.0,3547.64,0.0
Job_027,2,2148.67,4235.9825249704345,M3,3518.64,76.0,3594.64,0.0
Job_035,0,2575.63,4561.548784226477,M1,3527.64,91.0,3618.64,0.0
Job_036,5,2694.35,4075.402675650455,M5,3537.64,11.0,3548.64,0.0
Job_028,8,2180.79,4068.8113793702423,M4,3547.64,90.0,3637.64,0.0
Job_031,7,2390.74,4173.871302738562,M5,3548.64,46.0,3594.64,0.0
Job_034,9,2574.27,3948.3300038750094,M6,3551.64,53.0,3604.64,0.0
Job_027,3,2148.67,4235.9825249704345,M5,3594.64,51.0,3645.64,0.0
Job_038,3,2880.0,4261.052675650455,M3,3594.64,36.0,3630.64,0.0
Job_036,6,2694.35,4075.402675650455,M6,3604.64,62.0,3666.64,0.0
Job_035,1,2575.63,4561.548784226477,M0,3618.64,85.0,3703.64,0.0
Job_042,2,3113.63,4487.69000387501,M1,3618.64,22.0,3640.64,0.0
Job_030,2,2334.99,4422.302524970434,M3,3630.64,76.0,3706.64,0.0
Job_028,9,2180.79,4068.8113793702423,M7,3637.64,45.0,3682.64,0.0
Job_038,4,2880.0,4261.052675650455,M4,3637.64,49.0,3686.64,0.0
Job_044,0,3220.81,4675.285729292631,M1,3640.64,46.0,3686.64,0.0
Job_027,4,2148.67,4235.9825249704345,M2,3645.64,85.0,3730.64,0.0
Job_032,2,2563.32,4297.502600310445,M5,3645.64,52.0,3697.64,0.0
Job_029,5,2285.0,4169.525043482519,M6,3666.64,88.0,3754.64,0.0
Job_036,7,2694.35,4075.402675650455,M7,3682.64,56.0,3738.64,0.0
Job_037,0,2794.37,4682.391379370242,M1,3686.64,85.0,3771.64,0.0
Job_038,5,2880.0,4261.052675650455,M5,3697.64,11.0,3708.64,0.0
Job_044,1,3220.81,4675.285729292631,M0,3703.64,37.0,3740.64,0.0
Job_032,3,2563.32,4297.502600310445,M3,3706.64,95.0,3801.64,0.0
Job_030,3,2334.99,4422.302524970434,M5,3708.64,51.0,3759.64,0.0
Job_031,8,2390.74,4173.871302738562,M7,3738.64,72.0,3810.64,0.0
Job_036,8,2694.35,4075.402675650455,M8,3738.64,44.0,3782.64,0.0
Job_027,5,2148.67,4235.9825249704345,M9,3743.64,11.0,3754.64,0.0
Job_027,6,2148.67,4235.9825249704345,M6,3754.64,40.0,3794.64,0.0
Job_030,4,2334.99,4422.302524970434,M2,3759.64,85.0,3844.64,0.0
Job_042,3,3113.63,4487.69000387501,M5,3759.64,61.0,3820.64,0.0
Job_033,0,2568.21,4858.31000645835,M1,3771.64,81.0,3852.64,0.0
Job_037,1,2794.37,4682.391379370242,M0,3771.64,13.0,3784.64,0.0
Job_029,6,2285.0,4169.525043482519,M8,3782.64,19.0,3801.64,0.0
Job_038,6,2880.0,4261.052675650455,M6,3794.64,62.0,3856.64,0.0
Job_029,7,2285.0,4169.525043482519,M9,3801.64,48.0,3849.64,0.0
Job_032,4,2563.32,4297.502600310445,M8,3801.64,48.0,3849.64,0.0
Job_037,2,2794.37,4682.391379370242,M2,3844.64,61.0,3905.64,0.0
Job_029,8,2285.0,4169.525043482519,M7,3849.64,36.0,3885.64,0.0
Job_031,9,2390.74,4173.871302738562,M8,3849.64,30.0,3879.64,0.0
Job_036,9,2694.35,4075.402675650455,M9,3849.64,21.0,3870.64,0.0
Job_040,0,3024.74,5010.658784226477,M1,3852.64,91.0,3943.64,0.0
Job_032,5,2563.32,4297.502600310445,M9,3870.64,72.0,3942.64,0.0
Job_027,7,2148.67,4235.9825249704345,M7,3885.64,89.0,3974.64,0.0
Job_029,9,2285.0,4169.525043482519,M3,3885.64,79.0,3964.64,0.0
Job_030,5,2334.99,4422.302524970434,M9,3942.64,11.0,3953.64,0.0
Job_032,6,2563.32,4297.502600310445,M0,3942.64,47.0,3989.64,0.0
Job_041,0,3077.03,5367.13000645835,M1,3943.64,81.0,4024.64,0.0
Job_030,6,2334.99,4422.302524970434,M6,3953.64,40.0,3993.64,0.0
Job_042,4,3113.63,4487.69000387501,M3,3964.64,26.0,3990.64,0.0
Job_027,8,2148.67,4235.9825249704345,M4,3974.64,26.0,4000.64,0.0
Job_038,7,2880.0,4261.052675650455,M7,3974.64,56.0,4030.64,0.0
Job_039,0,2963.42,4746.551302738562,M0,3989.64,43.0,4032.64,0.0
Job_035,2,2575.63,4561.548784226477,M3,3990.64,39.0,4029.64,0.0
Job_032,7,2563.32,4297.502600310445,M6,3993.64,65.0,4058.64,0.0
Job_042,5,3113.63,4487.69000387501,M4,4000.64,69.0,4069.64,0.0
Job_044,2,3220.81,4675.285729292631,M3,4029.64,61.0,4090.64,0.0
Job_030,7,2334.99,4422.302524970434,M7,4030.64,89.0,4119.64,0.0
Job_038,8,2880.0,4261.052675650455,M8,4030.64,44.0,4074.64,0.0
Job_039,1,2963.42,4746.551302738562,M2,4032.64,90.0,4122.64,0.0
Job_037,3,2794.37,4682.391379370242,M6,4058.64,7.0,4065.64,0.0
Job_032,8,2563.32,4297.502600310445,M4,4069.64,6.0,4075.64,0.0
Job_038,9,2880.0,4261.052675650455,M9,4074.64,21.0,4095.64,0.0
Job_042,6,3113.63,4487.69000387501,M8,4074.64,21.0,4095.64,0.0
Job_027,9,2148.67,4235.9825249704345,M8,4095.64,74.0,4169.64,0.0
Job_030,8,2334.99,4422.302524970434,M4,4119.64,26.0,4145.64,0.0
Job_032,9,2563.32,4297.502600310445,M7,4119.64,25.0,4144.64,0.0
Job_033,1,2568.21,4858.31000645835,M2,4122.64,95.0,4217.64,0.0
Job_042,7,3113.63,4487.69000387501,M7,4144.64,49.0,4193.64,0.0
Job_039,2,2963.42,4746.551302738562,M4,4145.64,75.0,4220.64,0.0
Job_037,4,2794.37,4682.391379370242,M8,4169.64,64.0,4233.64,0.0
Job_042,8,3113.63,4487.69000387501,M9,4193.64,72.0,4265.64,0.0
Job_033,2,2568.21,4858.31000645835,M0,4217.64,71.0,4288.64,0.0
Job_044,3,3220.81,4675.285729292631,M2,4217.64,13.0,4230.64,0.0
Job_035,3,2575.63,4561.548784226477,M2,4230.64,74.0,4304.64,0.0
Job_044,4,3220.81,4675.285729292631,M6,4230.64,32.0,4262.64,0.0
Job_044,5,3220.81,4675.285729292631,M5,4262.64,21.0,4283.64,0.0
Job_042,9,3113.63,4487.69000387501,M6,4265.64,53.0,4318.64,0.0
Job_044,6,3220.81,4675.285729292631,M9,4283.64,32.0,4315.64,0.0
Job_033,3,2568.21,4858.31000645835,M4,4288.64,99.0,4387.64,0.0
Job_040,1,3024.74,5010.658784226477,M0,4288.64,85.0,4373.64,0.0
Job_035,4,2575.63,4561.548784226477,M8,4304.64,90.0,4394.64,0.0
Job_043,0,3182.58,4916.762600310445,M2,4304.64,84.0,4388.64,0.0
Job_039,3,2963.42,4746.551302738562,M9,4315.64,11.0,4326.64,0.0
Job_037,5,2794.37,4682.391379370242,M9,4326.64,76.0,4402.64,0.0
Job_039,4,2963.42,4746.551302738562,M3,4326.64,69.0,4395.64,0.0
Job_043,1,3182.58,4916.762600310445,M1,4388.64,2.0,4390.64,0.0
Job_045,0,3368.49,5253.015043482519,M2,4388.64,31.0,4419.64,0.0
Job_030,9,2334.99,4422.302524970434,M8,4394.64,74.0,4468.64,46.34
Job_035,5,2575.63,4561.548784226477,M5,4394.64,10.0,4404.64,0.0
Job_039,5,2963.42,4746.551302738562,M1,4395.64,28.0,4423.64,0.0
Job_035,6,2575.63,4561.548784226477,M7,4404.64,12.0,4416.64,0.0
Job_043,2,3182.58,4916.762600310445,M5,4404.64,52.0,4456.64,0.0
Job_033,4,2568.21,4858.31000645835,M6,4407.64,9.0,4416.64,0.0
Job_035,7,2575.63,4561.548784226477,M6,4416.64,89.0,4505.64,0.0
Job_041,1,3077.03,5367.13000645835,M2,4419.64,95.0,4514.64,0.0
Job_045,1,3368.49,5253.015043482519,M0,4419.64,86.0,4505.64,0.0
Job_037,6,2794.37,4682.391379370242,M5,4456.64,47.0,4503.64,0.0
Job_033,5,2568.21,4858.31000645835,M8,4468.64,52.0,4520.64,0.0
Job_037,7,2794.37,4682.391379370242,M3,4503.64,52.0,4555.64,0.0
Job_035,8,2575.63,4561.548784226477,M9,4505.64,45.0,4550.64,0.0
Job_039,6,2963.42,4746.551302738562,M6,4505.64,46.0,4551.64,0.0
Job_045,2,3368.49,5253.015043482519,M1,4505.64,46.0,4551.64,0.0
Job_041,2,3077.03,5367.13000645835,M0,4514.64,71.0,4585.64,0.0
Job_044,7,3220.81,4675.285729292631,M8,4520.64,89.0,4609.64,0.0
Job_035,9,2575.63,4561.548784226477,M4,4550.64,33.0,4583.64,22.09
Job_039,7,2963.42,4746.551302738562,M5,4551.64,46.0,4597.64,0.0
Job_047,0,3620.79,5508.811379370242,M1,4551.64,85.0,4636.64,0.0
Job_043,3,3182.58,4916.762600310445,M3,4555.64,95.0,4650.64,0.0
Job_045,3,3368.49,5253.015043482519,M5,4597.64,74.0,4671.64,0.0
Job_044,8,3220.81,4675.285729292631,M7,4609.64,30.0,4639.64,0.0
Job_033,6,2568.21,4858.31000645835,M7,4639.64,85.0,4724.64,0.0
Job_044,9,3220.81,4675.285729292631,M4,4639.64,55.0,4694.64,19.35
Job_040,2,3024.74,5010.658784226477,M3,4650.64,39.0,4689.64,0.0
Job_043,4,3182.58,4916.762600310445,M8,4650.64,48.0,4698.64,0.0
Job_040,3,3024.74,5010.658784226477,M2,4689.64,74.0,4763.64,0.0
Job_037,8,2794.37,4682.391379370242,M4,4694.64,90.0,4784.64,102.25
Job_043,5,3182.58,4916.762600310445,M9,4698.64,72.0,4770.64,0.0
Job_033,7,2568.21,4858.31000645835,M3,4724.64,98.0,4822.64,0.0
Job_040,4,3024.74,5010.658784226477,M8,4763.64,90.0,4853.64,0.0
Job_053,0,4014.27,5388.330003875009,M2,4763.64,14.0,4777.64,0.0
Job_043,6,3182.58,4916.762600310445,M0,4770.64,47.0,4817.64,0.0
Job_037,9,2794.37,4682.391379370242,M7,4784.64,45.0,4829.64,147.25
Job_045,4,3368.49,5253.015043482519,M4,4784.64,32.0,4816.64,0.0
Job_041,3,3077.03,5367.13000645835,M4,4816.64,99.0,4915.64,0.0
Job_045,5,3368.49,5253.015043482519,M6,4816.64,88.0,4904.64,0.0
Job_053,1,4014.27,5388.330003875009,M0,4817.64,6.0,4823.64,0.0
Job_033,8,2568.21,4858.31000645835,M9,4822.64,22.0,4844.64,0.0
Job_047,1,3620.79,5508.811379370242,M0,4823.64,13.0,4836.64,0.0
Job_053,2,4014.27,5388.330003875009,M1,4823.64,22.0,4845.64,0.0
Job_039,8,2963.42,4746.551302738562,M7,4829.64,72.0,4901.64,155.09
Job_047,2,3620.79,5508.811379370242,M2,4836.64,61.0,4897.64,0.0
Job_055,0,4134.35,5515.402675650455,M0,4836.64,29.0,4865.64,0.0
Job_033,9,2568.21,4858.31000645835,M5,4844.64,43.0,4887.64,29.33
Job_055,1,4134.35,5515.402675650455,M1,4865.64,78.0,4943.64,0.0
Job_040,5,3024.74,5010.658784226477,M5,4887.64,10.0,4897.64,0.0
Job_048,0,3725.0,5609.525043482519,M2,4897.64,31.0,4928.64,0.0
Job_053,3,4014.27,5388.330003875009,M5,4897.64,61.0,4958.64,0.0
Job_039,9,2963.42,4746.551302738562,M8,4901.64,30.0,4931.64,185.09
Job_040,6,3024.74,5010.658784226477,M7,4901.64,12.0,4913.64,0.0
Job_043,7,3182.58,4916.762600310445,M6,4904.64,65.0,4969.64,52.88
Job_048,1,3725.0,5609.525043482519,M0,4928.64,86.0,5014.64,0.0
Job_045,6,3368.49,5253.015043482519,M8,4931.64,19.0,4950.64,0.0
Job_055,2,4134.35,5515.402675650455,M2,4943.64,9.0,4952.64,0.0
Job_045,7,3368.49,5253.015043482519,M9,4952.64,48.0,5000.64,0.0
Job_053,4,4014.27,5388.330003875009,M3,4958.64,26.0,4984.64,0.0
Job_041,4,3077.03,5367.13000645835,M6,4969.64,9.0,4978.64,0.0
Job_043,8,3182.58,4916.762600310445,M4,4969.64,6.0,4975.64,58.88
Job_043,9,3182.58,4916.762600310445,M7,4975.64,25.0,5000.64,83.88
Job_040,7,3024.74,5010.658784226477,M6,4978.64,89.0,5067.64,56.98
Job_041,5,3077.03,5367.13000645835,M8,4984.64,52.0,5036.64,0.0
Job_053,5,4014.27,5388.330003875009,M4,4984.64,69.0,5053.64,0.0
Job_045,8,3368.49,5253.015043482519,M7,5000.64,36.0,5036.64,0.0
Job_048,2,3725.0,5609.525043482519,M1,5014.64,46.0,5060.64,0.0
Job_050,0,3830.74,5613.871302738562,M0,5014.64,43.0,5057.64,0.0
Job_041,6,3077.03,5367.13000645835,M7,5036.64,85.0,5121.64,0.0
Job_045,9,3368.49,5253.015043482519,M3,5036.64,79.0,5115.64,0.0
Job_046,0,3588.67,5675.9825249704345,M0,5057.64,76.0,5133.64,0.0
Job_050,1,3830.74,5613.871302738562,M2,5057.64,90.0,5147.64,0.0
Job_048,3,3725.0,5609.525043482519,M5,5060.64,74.0,5134.64,0.0
Job_040,8,3024.74,5010.658784226477,M9,5067.64,45.0,5112.64,101.98
Job_047,3,3620.79,5508.811379370242,M6,5067.64,7.0,5074.64,0.0
Job_047,4,3620.79,5508.811379370242,M8,5074.64,64.0,5138.64,0.0
Job_040,9,3024.74,5010.658784226477,M4,5112.64,33.0,5145.64,134.98
Job_055,3,4134.35,5515.402675650455,M3,5115.64,36.0,5151.64,0.0
Job_046,1,3588.67,5675.9825249704345,M1,5133.64,69.0,5202.64,0.0
Job_057,0,4320.0,5701.052675650455,M0,5133.64,29.0,5162.64,0.0
Job_047,5,3620.79,5508.811379370242,M9,5138.64,76.0,5214.64,0.0
Job_053,6,4014.27,5388.330003875009,M8,5138.64,21.0,5159.64,0.0
Job_051,0,4003.32,5737.502600310445,M2,5147.64,84.0,5231.64,0.0
Job_041,7,3077.03,5367.13000645835,M3,5151.64,98.0,5249.64,0.0
Job_055,4,4134.35,5515.402675650455,M4,5151.64,49.0,5200.64,0.0
Job_053,7,4014.27,5388.330003875009,M7,5159.64,49.0,5208.64,0.0
Job_049,0,3774.99,5862.302524970434,M0,5162.64,76.0,5238.64,0.0
Job_048,4,3725.0,5609.525043482519,M4,5200.64,32.0,5232.64,0.0
Job_057,1,4320.0,5701.052675650455,M1,5202.64,78.0,5280.64,0.0
Job_047,6,3620.79,5508.811379370242,M5,5214.64,47.0,5261.64,0.0
Job_050,2,3830.74,5613.871302738562,M4,5232.64,75.0,5307.64,0.0
Job_041,8,3077.03,5367.13000645835,M9,5249.64,22.0,5271.64,0.0
Job_047,7,3620.79,5508.811379370242,M3,5261.64,52.0,5313.64,0.0
Job_041,9,3077.03,5367.13000645835,M5,5271.64,43.0,5314.64,0.0
Job_053,8,4014.27,5388.330003875009,M9,5271.64,72.0,5343.64,0.0
Job_051,1,4003.32,5737.502600310445,M1,5280.64,2.0,5282.64,0.0
Job_057,2,4320.0,5701.052675650455,M2,5280.64,9.0,5289.64,0.0
Job_049,1,3774.99,5862.302524970434,M1,5282.64,69.0,5351.64,0.0
Job_061,0,4553.63,5927.69000387501,M2,5289.64,14.0,5303.64,0.0
Job_061,1,4553.63,5927.69000387501,M0,5303.64,6.0,5309.64,0.0
Job_046,2,3588.67,5675.9825249704345,M3,5313.64,76.0,5389.64,0.0
Job_047,8,3620.79,5508.811379370242,M4,5313.64,90.0,5403.64,0.0
Job_055,5,4134.35,5515.402675650455,M5,5314.64,11.0,5325.64,0.0
Job_051,2,4003.32,5737.502600310445,M5,5325.64,52.0,5377.64,0.0
Job_050,3,3830.74,5613.871302738562,M9,5343.64,11.0,5354.64,0.0
Job_053,9,4014.27,5388.330003875009,M6,5343.64,53.0,5396.64,8.31
Job_054,0,4015.63,6001.548784226477,M1,5351.64,91.0,5442.64,0.0
Job_046,3,3588.67,5675.9825249704345,M5,5389.64,51.0,5440.64,0.0
Job_050,4,3830.74,5613.871302738562,M3,5389.64,69.0,5458.64,0.0
Job_055,6,4134.35,5515.402675650455,M6,5396.64,62.0,5458.64,0.0
Job_047,9,3620.79,5508.811379370242,M7,5403.64,45.0,5448.64,0.0
Job_046,4,3588.67,5675.9825249704345,M2,5440.64,85.0,5525.64,0.0
Job_054,1,4015.63,6001.548784226477,M0,5442.64,85.0,5527.64,0.0
Job_048,5,3725.0,5609.525043482519,M6,5458.64,88.0,5546.64,0.0
Job_050,5,3830.74,5613.871302738562,M1,5458.64,28.0,5486.64,0.0
Job_051,3,4003.32,5737.502600310445,M3,5458.64,95.0,5553.64,0.0
Job_055,7,4134.35,5515.402675650455,M7,5458.64,56.0,5514.64,0.0
Job_061,2,4553.63,5927.69000387501,M1,5486.64,22.0,5508.64,0.0
Job_063,0,4660.81,6115.285729292631,M1,5508.64,46.0,5554.64,0.0
Job_055,8,4134.35,5515.402675650455,M8,5514.64,44.0,5558.64,43.24
Job_050,6,3830.74,5613.871302738562,M6,5546.64,46.0,5592.64,0.0
Job_049,2,3774.99,5862.302524970434,M3,5553.64,76.0,5629.64,0.0
Job_056,0,4234.37,6122.391379370242,M1,5554.64,85.0,5639.64,0.0
Job_048,6,3725.0,5609.525043482519,M8,5558.64,19.0,5577.64,0.0
Job_055,9,4134.35,5515.402675650455,M9,5558.64,21.0,5579.64,64.24
Job_051,4,4003.32,5737.502600310445,M8,5577.64,48.0,5625.64,0.0
Job_048,7,3725.0,5609.525043482519,M9,5579.64,48.0,5627.64,18.11
Job_046,5,3588.67,5675.9825249704345,M9,5627.64,11.0,5638.64,0.0
Job_048,8,3725.0,5609.525043482519,M7,5627.64,36.0,5663.64,54.11
Job_049,3,3774.99,5862.302524970434,M5,5629.64,51.0,5680.64,0.0
Job_057,3,4320.0,5701.052675650455,M3,5629.64,36.0,5665.64,0.0
Job_046,6,3588.67,5675.9825249704345,M6,5638.64,40.0,5678.64,2.66
Job_051,5,4003.32,5737.502600310445,M9,5638.64,72.0,5710.64,0.0
Job_059,0,4464.74,6450.658784226477,M1,5639.64,91.0,5730.64,0.0
Job_048,9,3725.0,5609.525043482519,M3,5665.64,79.0,5744.64,135.11
Job_057,4,4320.0,5701.052675650455,M4,5677.64,49.0,5726.64,25.59
Job_046,7,3588.67,5675.9825249704345,M7,5678.64,89.0,5767.64,91.66
Job_049,4,3774.99,5862.302524970434,M2,5680.64,85.0,5765.64,0.0
Job_050,7,3830.74,5613.871302738562,M5,5680.64,46.0,5726.64,112.77
Job_051,6,4003.32,5737.502600310445,M0,5710.64,47.0,5757.64,20.14
Job_057,5,4320.0,5701.052675650455,M5,5726.64,11.0,5737.64,36.59
Job_052,0,4008.21,6298.31000645835,M1,5730.64,81.0,5811.64,0.0
Job_057,6,4320.0,5701.052675650455,M6,5737.64,62.0,5799.64,98.59
Job_061,3,4553.63,5927.69000387501,M5,5737.64,61.0,5798.64,0.0
Job_054,2,4015.63,6001.548784226477,M3,5744.64,39.0,5783.64,0.0
Job_063,1,4660.81,6115.285729292631,M0,5757.64,37.0,5794.64,0.0
Job_049,5,3774.99,5862.302524970434,M9,5765.64,11.0,5776.64,0.0
Job_046,8,3588.67,5675.9825249704345,M4,5767.64,26.0,5793.64,117.66
Job_050,8,3830.74,5613.871302738562,M7,5767.64,72.0,5839.64,225.77
Job_054,3,4015.63,6001.548784226477,M2,5783.64,74.0,5857.64,0.0
Job_056,1,4234.37,6122.391379370242,M0,5794.64,13.0,5807.64,0.0
Job_061,4,4553.63,5927.69000387501,M3,5798.64,26.0,5824.64,0.0
Job_051,7,4003.32,5737.502600310445,M6,5799.64,65.0,5864.64,127.14
Job_058,0,4403.42,6186.551302738562,M0,5807.64,43.0,5850.64,0.0
Job_060,0,4517.03,6807.130006458349,M1,5811.64,81.0,5892.64,0.0
Job_063,2,4660.81,6115.285729292631,M3,5824.64,61.0,5885.64,0.0
Job_050,9,3830.74,5613.871302738562,M8,5839.64,30.0,5869.64,255.77
Job_057,7,4320.0,5701.052675650455,M7,5839.64,56.0,5895.64,194.59
Job_056,2,4234.37,6122.391379370242,M2,5857.64,61.0,5918.64,0.0
Job_049,6,3774.99,5862.302524970434,M6,5864.64,40.0,5904.64,42.34
Job_051,8,4003.32,5737.502600310445,M4,5864.64,6.0,5870.64,133.14
Job_046,9,3588.67,5675.9825249704345,M8,5869.64,74.0,5943.64,267.66
Job_061,5,4553.63,5927.69000387501,M4,5870.64,69.0,5939.64,11.95
Job_051,9,4003.32,5737.502600310445,M7,5895.64,25.0,5920.64,183.14
Job_056,3,4234.37,6122.391379370242,M6,5918.64,7.0,5925.64,0.0
Job_063,3,4660.81,6115.285729292631,M2,5918.64,13.0,5931.64,0.0
Job_049,7,3774.99,5862.302524970434,M7,5920.64,89.0,6009.64,147.34
Job_052,1,4008.21,6298.31000645835,M2,5931.64,95.0,6026.64,0.0
Job_057,8,4320.0,5701.052675650455,M8,5943.64,44.0,5987.64,286.59
Job_057,9,4320.0,5701.052675650455,M9,5987.64,21.0,6008.64,307.59
Job_061,6,4553.63,5927.69000387501,M8,5987.64,21.0,6008.64,80.95
Job_054,4,4015.63,6001.548784226477,M8,6008.64,90.0,6098.64,97.09
Job_049,8,3774.99,5862.302524970434,M4,6009.64,26.0,6035.64,173.34
Job_061,7,4553.63,5927.69000387501,M7,6009.64,49.0,6058.64,130.95
Job_052,2,4008.21,6298.31000645835,M0,6026.64,71.0,6097.64,0.0
Job_058,1,4403.42,6186.551302738562,M2,6026.64,90.0,6116.64,0.0
Job_061,8,4553.63,5927.69000387501,M9,6058.64,72.0,6130.64,202.95
Job_059,1,4464.74,6450.658784226477,M0,6097.64,85.0,6182.64,0.0
Job_054,5,4015.63,6001.548784226477,M5,6098.64,10.0,6108.64,107.09
Job_056,4,4234.37,6122.391379370242,M8,6098.64,64.0,6162.64,40.25
Job_054,6,4015.63,6001.548784226477,M7,6108.64,12.0,6120.64,119.09
Job_058,2,4403.42,6186.551302738562,M4,6116.64,75.0,6191.64,5.09
Job_062,0,4622.58,6356.762600310445,M2,6116.64,84.0,6200.64,0.0
Job_054,7,4015.63,6001.548784226477,M6,6120.64,89.0,6209.64,208.09
Job_049,9,3774.99,5862.302524970434,M8,6162.64,74.0,6236.64,374.34
Job_056,5,4234.37,6122.391379370242,M9,6162.64,76.0,6238.64,116.25
Job_052,3,4008.21,6298.31000645835,M4,6191.64,99.0,6290.64,0.0
Job_062,1,4622.58,6356.762600310445,M1,6200.64,2.0,6202.64,0.0
Job_064,0,4808.49,6693.015043482519,M2,6200.64,31.0,6231.64,0.0
Job_063,4,4660.81,6115.285729292631,M6,6209.64,32.0,6241.64,126.35
Job_059,2,4464.74,6450.658784226477,M3,6210.64,39.0,6249.64,0.0
Job_060,1,4517.03,6807.130006458349,M2,6231.64,95.0,6326.64,0.0
Job_064,1,4808.49,6693.015043482519,M0,6231.64,86.0,6317.64,0.0
Job_058,3,4403.42,6186.551302738562,M9,6238.64,11.0,6249.64,63.09
Job_061,9,4553.63,5927.69000387501,M6,6241.64,53.0,6294.64,366.95
Job_063,5,4660.81,6115.285729292631,M5,6241.64,21.0,6262.64,147.35
Job_058,4,4403.42,6186.551302738562,M3,6249.64,69.0,6318.64,132.09
Job_056,6,4234.37,6122.391379370242,M5,6262.64,47.0,6309.64,187.25
Job_063,6,4660.81,6115.285729292631,M9,6262.64,32.0,6294.64,179.35
Job_054,8,4015.63,6001.548784226477,M9,6294.64,45.0,6339.64,338.09
Job_063,7,4660.81,6115.285729292631,M8,6294.64,89.0,6383.64,268.35
Job_062,2,4622.58,6356.762600310445,M5,6309.64,52.0,6361.64,4.88
Job_058,5,4403.42,6186.551302738562,M1,6318.64,28.0,6346.64,160.09
Job_056,7,4234.37,6122.391379370242,M3,6320.64,52.0,6372.64,250.25
Job_059,3,4464.74,6450.658784226477,M2,6326.64,74.0,6400.64,0.0
Job_060,2,4517.03,6807.130006458349,M0,6326.64,71.0,6397.64,0.0
Job_054,9,4015.63,6001.548784226477,M4,6339.64,33.0,6372.64,371.09
Job_058,6,4403.42,6186.551302738562,M6,6346.64,46.0,6392.64,206.09
Job_066,0,5060.79,6948.811379370242,M1,6346.64,85.0,6431.64,0.0
Job_056,8,4234.37,6122.391379370242,M4,6372.64,90.0,6462.64,340.25
Job_063,8,4660.81,6115.285729292631,M7,6383.64,30.0,6413.64,298.35
Job_052,4,4008.21,6298.31000645835,M6,6392.64,9.0,6401.64,103.33
Job_072,0,5454.27,6828.33000387501,M2,6400.64,14.0,6414.64,0.0
Job_052,5,4008.21,6298.31000645835,M8,6401.64,52.0,6453.64,155.33
Job_067,0,5165.0,7049.525043482519,M2,6414.64,31.0,6445.64,0.0
Job_072,1,5454.27,6828.33000387501,M0,6414.64,6.0,6420.64,0.0
Job_064,2,4808.49,6693.015043482519,M1,6431.64,46.0,6477.64,0.0
Job_066,1,5060.79,6948.811379370242,M0,6431.64,13.0,6444.64,0.0
Job_074,0,5574.35,6955.402675650455,M0,6444.64,29.0,6473.64,0.0
Job_066,2,5060.79,6948.811379370242,M2,6445.64,61.0,6506.64,0.0
Job_056,9,4234.37,6122.391379370242,M7,6462.64,45.0,6507.64,385.25
Job_063,9,4660.81,6115.285729292631,M4,6462.64,55.0,6517.64,402.35
Job_067,1,5165.0,7049.525043482519,M0,6473.64,86.0,6559.64,0.0
Job_064,3,4808.49,6693.015043482519,M5,6477.64,74.0,6551.64,0.0
Job_072,2,5454.27,6828.33000387501,M1,6477.64,22.0,6499.64,0.0
Job_074,1,5574.35,6955.402675650455,M1,6499.64,78.0,6577.64,0.0
Job_070,0,5443.32,7177.502600310445,M2,6506.64,84.0,6590.64,0.0
Job_052,6,4008.21,6298.31000645835,M7,6507.64,85.0,6592.64,294.33
Job_059,4,4464.74,6450.658784226477,M8,6507.64,90.0,6597.64,146.98
Job_058,7,4403.42,6186.551302738562,M5,6551.64,46.0,6597.64,411.09
Job_064,4,4808.49,6693.015043482519,M4,6551.64,32.0,6583.64,0.0
Job_069,0,5270.74,7053.871302738562,M0,6559.64,43.0,6602.64,0.0
Job_067,2,5165.0,7049.525043482519,M1,6577.64,46.0,6623.64,0.0
Job_060,3,4517.03,6807.130006458349,M4,6583.64,99.0,6682.64,0.0
Job_074,2,5574.35,6955.402675650455,M2,6590.64,9.0,6599.64,0.0
Job_052,7,4008.21,6298.31000645835,M3,6592.64,98.0,6690.64,392.33
Job_059,5,4464.74,6450.658784226477,M5,6597.64,10.0,6607.64,156.98
Job_065,0,5028.67,7115.9825249704345,M0,6602.64,76.0,6678.64,0.0
Job_069,1,5270.74,7053.871302738562,M2,6602.64,90.0,6692.64,0.0
Job_059,6,4464.74,6450.658784226477,M7,6607.64,12.0,6619.64,168.98
Job_072,3,5454.27,6828.33000387501,M5,6607.64,61.0,6668.64,0.0
Job_058,8,4403.42,6186.551302738562,M7,6619.64,72.0,6691.64,505.09
Job_059,7,4464.74,6450.658784226477,M6,6619.64,89.0,6708.64,257.98
Job_065,1,5028.67,7115.9825249704345,M1,6678.64,69.0,6747.64,0.0
Job_052,8,4008.21,6298.31000645835,M9,6690.64,22.0,6712.64,414.33
Job_062,3,4622.58,6356.762600310445,M3,6690.64,95.0,6785.64,428.88
Job_058,9,4403.42,6186.551302738562,M8,6691.64,30.0,6721.64,535.09
Job_060,4,4517.03,6807.130006458349,M6,6708.64,9.0,6717.64,0.0
Job_052,9,4008.21,6298.31000645835,M5,6712.64,43.0,6755.64,457.33
Job_059,8,4464.74,6450.658784226477,M9,6712.64,45.0,6757.64,306.98
Job_064,5,4808.49,6693.015043482519,M6,6717.64,88.0,6805.64,112.62
Job_060,5,4517.03,6807.130006458349,M8,6721.64,52.0,6773.64,0.0
Job_070,1,5443.32,7177.502600310445,M1,6747.64,2.0,6749.64,0.0
Job_075,0,5674.37,7562.391379370242,M1,6749.64,85.0,6834.64,0.0
Job_067,3,5165.0,7049.525043482519,M5,6755.64,74.0,6829.64,0.0
Job_059,9,4464.74,6450.658784226477,M4,6757.64,33.0,6790.64,339.98
Job_060,6,4517.03,6807.130006458349,M7,6773.64,85.0,6858.64,51.51
Job_062,4,4622.58,6356.762600310445,M8,6785.64,48.0,6833.64,476.88
Job_066,3,5060.79,6948.811379370242,M6,6805.64,7.0,6812.64,0.0
Job_062,5,4622.58,6356.762600310445,M9,6833.64,72.0,6905.64,548.88
Job_066,4,5060.79,6948.811379370242,M8,6833.64,64.0,6897.64,0.0
Job_060,7,4517.03,6807.130006458349,M3,6858.64,98.0,6956.64,149.51
Job_064,6,4808.49,6693.015043482519,M8,6897.64,19.0,6916.64,223.62
Job_062,6,4622.58,6356.762600310445,M0,6905.64,47.0,6952.64,595.88
Job_066,5,5060.79,6948.811379370242,M9,6905.64,76.0,6981.64,32.83
Job_073,0,5455.63,7441.548784226477,M1,6937.64,91.0,7028.64,0.0
Job_062,7,4622.58,6356.762600310445,M6,6952.64,65.0,7017.64,660.88
Job_068,0,5214.99,7302.302524970434,M0,6952.64,76.0,7028.64,0.0
Job_072,4,5454.27,6828.33000387501,M3,6956.64,26.0,6982.64,154.31
Job_064,7,4808.49,6693.015043482519,M9,6981.64,48.0,7029.64,336.62
Job_066,6,5060.79,6948.811379370242,M5,6981.64,47.0,7028.64,79.83
Job_074,3,5574.35,6955.402675650455,M3,6982.64,36.0,7018.64,63.24
Job_062,8,4622.58,6356.762600310445,M4,7017.64,6.0,7023.64,666.88
Job_062,9,4622.58,6356.762600310445,M7,7023.64,25.0,7048.64,691.88
Job_072,5,5454.27,6828.33000387501,M4,7023.64,69.0,7092.64,264.31
Job_066,7,5060.79,6948.811379370242,M3,7028.64,52.0,7080.64,131.83
Job_068,1,5214.99,7302.302524970434,M1,7028.64,69.0,7097.64,0.0
Job_073,1,5455.63,7441.548784226477,M0,7028.64,85.0,7113.64,0.0
Job_060,8,4517.03,6807.130006458349,M9,7029.64,22.0,7051.64,244.51
Job_064,8,4808.49,6693.015043482519,M7,7048.64,36.0,7084.64,391.62
Job_060,9,4517.03,6807.130006458349,M5,7051.64,43.0,7094.64,287.51
Job_065,2,5028.67,7115.9825249704345,M3,7080.64,76.0,7156.64,40.66
Job_072,6,5454.27,6828.33000387501,M8,7092.64,21.0,7113.64,285.31
Job_074,4,5574.35,6955.402675650455,M4,7092.64,49.0,7141.64,186.24
Job_071,0,5448.21,7738.31000645835,M1,7097.64,81.0,7178.64,0.0
Job_072,7,5454.27,6828.33000387501,M7,7113.64,49.0,7162.64,334.31
Job_075,1,5674.37,7562.391379370242,M0,7113.64,13.0,7126.64,0.0
Job_066,8,5060.79,6948.811379370242,M4,7141.64,90.0,7231.64,282.83
Job_074,5,5574.35,6955.402675650455,M5,7141.64,11.0,7152.64,197.24
Job_070,2,5443.32,7177.502600310445,M5,7152.64,52.0,7204.64,27.14
Job_074,6,5574.35,6955.402675650455,M6,7152.64,62.0,7214.64,259.24
Job_064,9,4808.49,6693.015043482519,M3,7156.64,79.0,7235.64,542.62
Job_072,8,5454.27,6828.33000387501,M9,7162.64,72.0,7234.64,406.31
Job_065,3,5028.67,7115.9825249704345,M5,7204.64,51.0,7255.64,139.66
Job_066,9,5060.79,6948.811379370242,M7,7231.64,45.0,7276.64,327.83
Job_067,4,5165.0,7049.525043482519,M4,7231.64,32.0,7263.64,214.11
Job_073,2,5455.63,7441.548784226477,M3,7235.64,39.0,7274.64,0.0
Job_065,4,5028.67,7115.9825249704345,M2,7255.64,85.0,7340.64,224.66
Job_067,5,5165.0,7049.525043482519,M6,7263.64,88.0,7351.64,302.11
Job_069,2,5270.74,7053.871302738562,M4,7263.64,75.0,7338.64,284.77
Job_068,2,5214.99,7302.302524970434,M3,7274.64,76.0,7350.64,48.34
Job_074,7,5574.35,6955.402675650455,M7,7276.64,56.0,7332.64,377.24
Job_074,8,5574.35,6955.402675650455,M8,7332.64,44.0,7376.64,421.24
Job_068,3,5214.99,7302.302524970434,M5,7350.64,51.0,7401.64,99.34
Job_070,3,5443.32,7177.502600310445,M3,7350.64,95.0,7445.64,268.14
Job_072,9,5454.27,6828.33000387501,M6,7351.64,53.0,7404.64,576.31
Job_067,6,5165.0,7049.525043482519,M8,7376.64,19.0,7395.64,346.11
Job_074,9,5574.35,6955.402675650455,M9,7376.64,21.0,7397.64,442.24
Job_069,3,5270.74,7053.871302738562,M9,7397.64,11.0,7408.64,354.77
Job_068,4,5214.99,7302.302524970434,M2,7401.64,85.0,7486.64,184.34
Job_065,5,5028.67,7115.9825249704345,M9,7408.64,11.0,7419.64,303.66
Job_065,6,5028.67,7115.9825249704345,M6,7419.64,40.0,7459.64,343.66
Job_067,7,5165.0,7049.525043482519,M9,7419.64,48.0,7467.64,418.11
Job_069,4,5270.74,7053.871302738562,M3,7445.64,69.0,7514.64,460.77
Job_070,4,5443.32,7177.502600310445,M8,7445.64,48.0,7493.64,316.14
Job_065,7,5028.67,7115.9825249704345,M7,7459.64,89.0,7548.64,432.66
Job_073,3,5455.63,7441.548784226477,M2,7486.64,74.0,7560.64,119.09
Job_070,5,5443.32,7177.502600310445,M9,7493.64,72.0,7565.64,388.14
Job_069,5,5270.74,7053.871302738562,M1,7514.64,28.0,7542.64,488.77
Job_069,6,5270.74,7053.871302738562,M6,7542.64,46.0,7588.64,534.77
Job_065,8,5028.67,7115.9825249704345,M4,7548.64,26.0,7574.64,458.66
Job_067,8,5165.0,7049.525043482519,M7,7548.64,36.0,7584.64,535.11
Job_071,1,5448.21,7738.31000645835,M2,7560.64,95.0,7655.64,0.0
Job_068,5,5214.99,7302.302524970434,M9,7565.64,11.0,7576.64,274.34
Job_070,6,5443.32,7177.502600310445,M0,7565.64,47.0,7612.64,435.14
Job_067,9,5165.0,7049.525043482519,M3,7584.64,79.0,7663.64,614.11
Job_068,6,5214.99,7302.302524970434,M6,7588.64,40.0,7628.64,326.34
Job_069,7,5270.74,7053.871302738562,M5,7588.64,46.0,7634.64,580.77
Job_069,8,5270.74,7053.871302738562,M7,7634.64,72.0,7706.64,652.77
Job_071,2,5448.21,7738.31000645835,M0,7655.64,71.0,7726.64,0.0
Job_075,2,5674.37,7562.391379370242,M2,7655.64,61.0,7716.64,154.25
Job_068,7,5214.99,7302.302524970434,M7,7706.64,89.0,7795.64,493.34
Job_069,9,5270.74,7053.871302738562,M8,7706.64,30.0,7736.64,682.77
Job_075,3,5674.37,7562.391379370242,M6,7716.64,7.0,7723.64,161.25
Job_070,7,5443.32,7177.502600310445,M6,7723.64,65.0,7788.64,611.14
Job_065,9,5028.67,7115.9825249704345,M8,7736.64,74.0,7810.64,694.66
Job_068,8,5214.99,7302.302524970434,M4,7795.64,26.0,7821.64,519.34
Job_068,9,5214.99,7302.302524970434,M8,7821.64,74.0,7895.64,593.34
Job_070,8,5443.32,7177.502600310445,M4,7821.64,6.0,7827.64,650.14
Job_070,9,5443.32,7177.502600310445,M7,7827.64,25.0,7852.64,675.14
Job_071,3,5448.21,7738.31000645835,M4,7827.64,99.0,7926.64,188.33
Job_073,4,5455.63,7441.548784226477,M8,7895.64,90.0,7985.64,544.09
Job_071,4,5448.21,7738.31000645835,M6,7926.64,9.0,7935.64,197.33
Job_073,5,5455.63,7441.548784226477,M5,7985.64,10.0,7995.64,554.09
Job_075,4,5674.37,7562.391379370242,M8,7985.64,64.0,8049.64,487.25
Job_073,6,5455.63,7441.548784226477,M7,7995.64,12.0,8007.64,566.09
Job_073,7,5455.63,7441.548784226477,M6,8007.64,89.0,8096.64,655.09
Job_071,5,5448.21,7738.31000645835,M8,8049.64,52.0,8101.64,363.33
Job_075,5,5674.37,7562.391379370242,M9,8049.64,76.0,8125.64,563.25
Job_071,6,5448.21,7738.31000645835,M7,8101.64,85.0,8186.64,448.33
Job_073,8,5455.63,7441.548784226477,M9,8125.64,45.0,8170.64,729.09
Job_075,6,5674.37,7562.391379370242,M5,8125.64,47.0,8172.64,610.25
Job_073,9,5455.63,7441.548784226477,M4,8170.64,33.0,8203.64,762.09
Job_075,7,5674.37,7562.391379370242,M3,8172.64,52.0,8224.64,662.25
Job_071,7,5448.21,7738.31000645835,M3,8224.64,98.0,8322.64,584.33
Job_075,8,5674.37,7562.391379370242,M4,8224.64,90.0,8314.64,752.25
Job_075,9,5674.37,7562.391379370242,M7,8314.64,45.0,8359.64,797.25
Job_071,8,5448.21,7738.31000645835,M9,8322.64,22.0,8344.64,606.33
Job_071,9,5448.21,7738.31000645835,M5,8344.64,43.0,8387.64,649.33
